# Blender 5.0.1
# www.blender.org
mtllib terrainplane.mtl
o Plane.001
v -14.852186 -14.852186 0.000000
v 14.852186 -14.852186 0.000000
v -14.852186 14.852186 0.000000
v 14.852186 14.852186 0.000000
v -14.852186 12.151789 0.000000
v -14.852186 9.451391 0.000000
v -14.852186 6.750993 0.000000
v -14.852186 4.050596 0.000000
v -14.852186 1.350198 0.000000
v -14.852186 -1.350199 0.000000
v -14.852186 -4.050596 0.000000
v -14.852186 -6.750994 0.000000
v -14.852186 -9.451391 0.000000
v -14.852186 -12.151789 0.000000
v -12.151789 -14.852186 0.000000
v -9.451391 -14.852186 0.000000
v -6.750993 -14.852186 0.000000
v -4.050596 -14.852186 0.000000
v -1.350198 -14.852186 0.000000
v 1.350199 -14.852186 0.000000
v 4.050596 -14.852186 0.000000
v 6.750994 -14.852186 0.000000
v 9.451391 -14.852186 0.000000
v 12.151789 -14.852186 0.000000
v 14.852186 -12.151789 0.000000
v 14.852186 -9.451391 0.000000
v 14.852186 -6.750993 0.000000
v 14.852186 -4.050596 0.000000
v 14.852186 -1.350198 0.000000
v 14.852186 1.350199 0.000000
v 14.852186 4.050596 0.000000
v 14.852186 6.750994 0.000000
v 14.852186 9.451391 0.000000
v 14.852186 12.151789 0.000000
v 12.151789 14.852186 0.000000
v 9.451391 14.852186 0.000000
v 6.750993 14.852186 0.000000
v 4.050596 14.852186 0.000000
v 1.350198 14.852186 0.000000
v -1.350199 14.852186 0.000000
v -4.050596 14.852186 0.000000
v -6.750994 14.852186 0.000000
v -9.451391 14.852186 0.000000
v -12.151789 14.852186 0.000000
v -12.151789 -12.151789 0.000000
v -12.151789 -9.451391 0.000000
v -12.151789 -6.750993 0.000000
v -12.151789 -4.050596 0.000000
v -12.151789 -1.350198 0.000000
v -12.151789 1.350199 0.000000
v -12.151789 4.050596 0.000000
v -12.151789 6.750994 0.000000
v -12.151789 9.451391 0.000000
v -12.151789 12.151789 0.000000
v -9.451391 -12.151789 0.000000
v -9.451391 -9.451391 0.000000
v -9.451391 -6.750993 0.000000
v -9.451391 -4.050596 0.000000
v -9.451391 -1.350198 0.000000
v -9.451391 1.350199 0.000000
v -9.451391 4.050596 0.000000
v -9.451391 6.750994 0.000000
v -9.451391 9.451391 0.000000
v -9.451391 12.151789 0.000000
v -6.750993 -12.151789 0.000000
v -6.750993 -9.451391 0.000000
v -6.750993 -6.750993 0.000000
v -6.750993 -4.050596 0.000000
v -6.750993 -1.350198 0.000000
v -6.750993 1.350199 0.000000
v -6.750993 4.050596 0.000000
v -6.750993 6.750994 0.000000
v -6.750993 9.451391 0.000000
v -6.750993 12.151789 0.000000
v -4.050596 -12.151789 0.000000
v -4.050596 -9.451391 0.000000
v -4.050596 -6.750993 0.000000
v -4.050596 -4.050596 0.000000
v -4.050596 -1.350198 0.000000
v -4.050596 1.350199 0.000000
v -4.050596 4.050596 0.000000
v -4.050596 6.750994 0.000000
v -4.050596 9.451391 0.000000
v -4.050596 12.151789 0.000000
v -1.350199 -12.151789 0.000000
v -1.350199 -9.451391 0.000000
v -1.350199 -6.750993 0.000000
v -1.350199 -4.050596 0.000000
v -1.350199 -1.350198 0.000000
v -1.350199 1.350199 0.000000
v -1.350199 4.050596 0.000000
v -1.350199 6.750994 0.000000
v -1.350199 9.451391 0.000000
v -1.350199 12.151789 0.000000
v 1.350199 -12.151789 0.000000
v 1.350199 -9.451391 0.000000
v 1.350199 -6.750993 0.000000
v 1.350199 -4.050596 0.000000
v 1.350199 -1.350198 0.000000
v 1.350199 1.350199 0.000000
v 1.350199 4.050596 0.000000
v 1.350199 6.750994 0.000000
v 1.350199 9.451391 0.000000
v 1.350198 12.151789 0.000000
v 4.050596 -12.151789 0.000000
v 4.050596 -9.451391 0.000000
v 4.050596 -6.750993 0.000000
v 4.050596 -4.050596 0.000000
v 4.050596 -1.350198 0.000000
v 4.050596 1.350199 0.000000
v 4.050596 4.050596 0.000000
v 4.050596 6.750994 0.000000
v 4.050596 9.451391 0.000000
v 4.050596 12.151789 0.000000
v 6.750994 -12.151789 0.000000
v 6.750994 -9.451391 0.000000
v 6.750994 -6.750993 0.000000
v 6.750994 -4.050596 0.000000
v 6.750994 -1.350198 0.000000
v 6.750994 1.350199 0.000000
v 6.750994 4.050596 0.000000
v 6.750994 6.750994 0.000000
v 6.750994 9.451391 0.000000
v 6.750993 12.151789 0.000000
v 9.451391 -12.151789 0.000000
v 9.451391 -9.451391 0.000000
v 9.451391 -6.750993 0.000000
v 9.451391 -4.050596 0.000000
v 9.451391 -1.350198 0.000000
v 9.451391 1.350199 0.000000
v 9.451391 4.050596 0.000000
v 9.451391 6.750994 0.000000
v 9.451391 9.451391 0.000000
v 9.451391 12.151789 0.000000
v 12.151789 -12.151789 0.000000
v 12.151789 -9.451391 0.000000
v 12.151789 -6.750993 0.000000
v 12.151789 -4.050596 0.000000
v 12.151789 -1.350198 0.000000
v 12.151789 1.350199 0.000000
v 12.151789 4.050596 0.000000
v 12.151789 6.750994 0.000000
v 12.151789 9.451391 0.000000
v 12.151789 12.151789 0.000000
v -14.852186 -13.051921 0.000000
v -14.852186 -13.952054 0.000000
v 13.051921 -14.852186 0.000000
v 13.952054 -14.852186 0.000000
v 14.852186 13.051921 0.000000
v 14.852186 13.952054 0.000000
v -13.051921 14.852186 0.000000
v -13.952054 14.852186 0.000000
v -14.852186 13.952054 0.000000
v -14.852186 13.051921 0.000000
v -14.852186 11.251657 0.000000
v -14.852186 10.351523 0.000000
v -14.852186 8.551258 0.000000
v -14.852186 7.651126 0.000000
v -14.852186 5.850861 0.000000
v -14.852186 4.950728 0.000000
v -14.852186 3.150463 0.000000
v -14.852186 2.250331 0.000000
v -14.852186 0.450066 0.000000
v -14.852186 -0.450067 0.000000
v -14.852186 -2.250332 0.000000
v -14.852186 -3.150464 0.000000
v -14.852186 -4.950729 0.000000
v -14.852186 -5.850862 0.000000
v -14.852186 -7.651126 0.000000
v -14.852186 -8.551258 0.000000
v -14.852186 -10.351523 0.000000
v -14.852186 -11.251657 0.000000
v -13.952054 -14.852186 0.000000
v -13.051921 -14.852186 0.000000
v -11.251657 -14.852186 0.000000
v -10.351523 -14.852186 0.000000
v -8.551258 -14.852186 0.000000
v -7.651126 -14.852186 0.000000
v -5.850861 -14.852186 0.000000
v -4.950728 -14.852186 0.000000
v -3.150463 -14.852186 0.000000
v -2.250331 -14.852186 0.000000
v -0.450066 -14.852186 0.000000
v 0.450067 -14.852186 0.000000
v 2.250332 -14.852186 0.000000
v 3.150464 -14.852186 0.000000
v 4.950729 -14.852186 0.000000
v 5.850862 -14.852186 0.000000
v 7.651126 -14.852186 0.000000
v 8.551258 -14.852186 0.000000
v 10.351523 -14.852186 0.000000
v 11.251657 -14.852186 0.000000
v 14.852186 -13.952054 0.000000
v 14.852186 -13.051921 0.000000
v 14.852186 -11.251657 0.000000
v 14.852186 -10.351523 0.000000
v 14.852186 -8.551258 0.000000
v 14.852186 -7.651126 0.000000
v 14.852186 -5.850861 0.000000
v 14.852186 -4.950728 0.000000
v 14.852186 -3.150463 0.000000
v 14.852186 -2.250331 0.000000
v 14.852186 -0.450066 0.000000
v 14.852186 0.450067 0.000000
v 14.852186 2.250332 0.000000
v 14.852186 3.150464 0.000000
v 14.852186 4.950729 0.000000
v 14.852186 5.850862 0.000000
v 14.852186 7.651126 0.000000
v 14.852186 8.551258 0.000000
v 14.852186 10.351523 0.000000
v 14.852186 11.251657 0.000000
v 13.952054 14.852186 0.000000
v 13.051921 14.852186 0.000000
v 11.251657 14.852186 0.000000
v 10.351523 14.852186 0.000000
v 8.551258 14.852186 0.000000
v 7.651126 14.852186 0.000000
v 5.850861 14.852186 0.000000
v 4.950728 14.852186 0.000000
v 3.150463 14.852186 0.000000
v 2.250331 14.852186 0.000000
v 0.450066 14.852186 0.000000
v -0.450067 14.852186 0.000000
v -2.250332 14.852186 0.000000
v -3.150464 14.852186 0.000000
v -4.950729 14.852186 0.000000
v -5.850862 14.852186 0.000000
v -7.651126 14.852186 0.000000
v -8.551258 14.852186 0.000000
v -10.351523 14.852186 0.000000
v -11.251657 14.852186 0.000000
v -12.151789 13.051921 0.000000
v -12.151789 13.952054 0.000000
v -12.151789 -13.952054 0.000000
v -12.151789 -13.051921 0.000000
v -12.151789 -11.251657 0.000000
v -12.151789 -10.351523 0.000000
v -12.151789 -8.551258 0.000000
v -12.151789 -7.651126 0.000000
v -12.151789 -5.850861 0.000000
v -12.151789 -4.950728 0.000000
v -12.151789 -3.150463 0.000000
v -12.151789 -2.250331 0.000000
v -12.151789 -0.450066 0.000000
v -12.151789 0.450067 0.000000
v -12.151789 2.250332 0.000000
v -12.151789 3.150464 0.000000
v -12.151789 4.950729 0.000000
v -12.151789 5.850862 0.000000
v -12.151789 7.651126 0.000000
v -12.151789 8.551258 0.000000
v -12.151789 10.351523 0.000000
v -12.151789 11.251657 0.000000
v -9.451391 13.051921 0.000000
v -9.451391 13.952054 0.000000
v -9.451391 -13.952054 0.000000
v -9.451391 -13.051921 0.000000
v -9.451391 -11.251657 0.000000
v -9.451391 -10.351523 0.000000
v -9.451391 -8.551258 0.000000
v -9.451391 -7.651126 0.000000
v -9.451391 -5.850861 0.000000
v -9.451391 -4.950728 0.000000
v -9.451391 -3.150463 0.000000
v -9.451391 -2.250331 0.000000
v -9.451391 -0.450066 0.000000
v -9.451391 0.450067 0.000000
v -9.451391 2.250332 0.000000
v -9.451391 3.150464 0.000000
v -9.451391 4.950729 0.000000
v -9.451391 5.850862 0.000000
v -9.451391 7.651126 0.000000
v -9.451391 8.551258 0.000000
v -9.451391 10.351523 0.000000
v -9.451391 11.251657 0.000000
v -6.750993 13.051921 0.000000
v -6.750993 13.952054 0.000000
v -6.750993 -13.952054 0.000000
v -6.750993 -13.051921 0.000000
v -6.750993 -11.251657 0.000000
v -6.750993 -10.351523 0.000000
v -6.750993 -8.551258 0.000000
v -6.750993 -7.651126 0.000000
v -6.750993 -5.850861 0.000000
v -6.750993 -4.950728 0.000000
v -6.750993 -3.150463 0.000000
v -6.750993 -2.250331 0.000000
v -6.750993 -0.450066 0.000000
v -6.750993 0.450067 0.000000
v -6.750993 2.250332 0.000000
v -6.750993 3.150464 0.000000
v -6.750993 4.950729 0.000000
v -6.750993 5.850862 0.000000
v -6.750993 7.651126 0.000000
v -6.750993 8.551258 0.000000
v -6.750993 10.351523 0.000000
v -6.750993 11.251657 0.000000
v -4.050596 13.051921 0.000000
v -4.050596 13.952054 0.000000
v -4.050596 -13.952054 0.000000
v -4.050596 -13.051921 0.000000
v -4.050596 -11.251657 0.000000
v -4.050596 -10.351523 0.000000
v -4.050596 -8.551258 0.000000
v -4.050596 -7.651126 0.000000
v -4.050596 -5.850861 0.000000
v -4.050596 -4.950728 0.000000
v -4.050596 -3.150463 0.000000
v -4.050596 -2.250331 0.000000
v -4.050596 -0.450066 0.000000
v -4.050596 0.450067 0.000000
v -4.050596 2.250332 0.000000
v -4.050596 3.150464 0.000000
v -4.050596 4.950729 0.000000
v -4.050596 5.850862 0.000000
v -4.050596 7.651126 0.000000
v -4.050596 8.551258 0.000000
v -4.050596 10.351523 0.000000
v -4.050596 11.251657 0.000000
v -1.350199 13.051921 0.000000
v -1.350199 13.952054 0.000000
v -1.350198 -13.952054 0.000000
v -1.350198 -13.051921 0.000000
v -1.350199 -11.251657 0.000000
v -1.350199 -10.351523 0.000000
v -1.350199 -8.551258 0.000000
v -1.350199 -7.651126 0.000000
v -1.350199 -5.850861 0.000000
v -1.350199 -4.950728 0.000000
v -1.350199 -3.150463 0.000000
v -1.350199 -2.250331 0.000000
v -1.350199 -0.450066 0.000000
v -1.350199 0.450067 0.000000
v -1.350199 2.250332 0.000000
v -1.350199 3.150464 0.000000
v -1.350199 4.950729 0.000000
v -1.350199 5.850862 0.000000
v -1.350199 7.651126 0.000000
v -1.350199 8.551258 0.000000
v -1.350199 10.351523 0.000000
v -1.350199 11.251657 0.000000
v 1.350198 13.051921 0.000000
v 1.350198 13.952054 0.000000
v 1.350199 -13.952054 0.000000
v 1.350199 -13.051921 0.000000
v 1.350199 -11.251657 0.000000
v 1.350199 -10.351523 0.000000
v 1.350199 -8.551258 0.000000
v 1.350199 -7.651126 0.000000
v 1.350199 -5.850861 0.000000
v 1.350199 -4.950728 0.000000
v 1.350199 -3.150463 0.000000
v 1.350199 -2.250331 0.000000
v 1.350199 -0.450066 0.000000
v 1.350199 0.450067 0.000000
v 1.350199 2.250332 0.000000
v 1.350199 3.150464 0.000000
v 1.350199 4.950729 0.000000
v 1.350199 5.850862 0.000000
v 1.350199 7.651126 0.000000
v 1.350199 8.551258 0.000000
v 1.350199 10.351523 0.000000
v 1.350198 11.251657 0.000000
v 4.050596 13.051921 0.000000
v 4.050596 13.952054 0.000000
v 4.050596 -13.952054 0.000000
v 4.050596 -13.051921 0.000000
v 4.050596 -11.251657 0.000000
v 4.050596 -10.351523 0.000000
v 4.050596 -8.551258 0.000000
v 4.050596 -7.651126 0.000000
v 4.050596 -5.850861 0.000000
v 4.050596 -4.950728 0.000000
v 4.050596 -3.150463 0.000000
v 4.050596 -2.250331 0.000000
v 4.050596 -0.450066 0.000000
v 4.050596 0.450067 0.000000
v 4.050596 2.250332 0.000000
v 4.050596 3.150464 0.000000
v 4.050596 4.950729 0.000000
v 4.050596 5.850862 0.000000
v 4.050596 7.651126 0.000000
v 4.050596 8.551258 0.000000
v 4.050596 10.351523 0.000000
v 4.050596 11.251657 0.000000
v 6.750993 13.051921 0.000000
v 6.750993 13.952054 0.000000
v 6.750994 -13.952054 0.000000
v 6.750994 -13.051921 0.000000
v 6.750994 -11.251657 0.000000
v 6.750994 -10.351523 0.000000
v 6.750994 -8.551258 0.000000
v 6.750994 -7.651126 0.000000
v 6.750994 -5.850861 0.000000
v 6.750994 -4.950728 0.000000
v 6.750994 -3.150463 0.000000
v 6.750994 -2.250331 0.000000
v 6.750994 -0.450066 0.000000
v 6.750994 0.450067 0.000000
v 6.750994 2.250332 0.000000
v 6.750994 3.150464 0.000000
v 6.750994 4.950729 0.000000
v 6.750994 5.850862 0.000000
v 6.750994 7.651126 0.000000
v 6.750994 8.551258 0.000000
v 6.750994 10.351523 0.000000
v 6.750993 11.251657 0.000000
v 9.451391 13.051921 0.000000
v 9.451391 13.952054 0.000000
v 9.451391 -13.952054 0.000000
v 9.451391 -13.051921 0.000000
v 9.451391 -11.251657 0.000000
v 9.451391 -10.351523 0.000000
v 9.451391 -8.551258 0.000000
v 9.451391 -7.651126 0.000000
v 9.451391 -5.850861 0.000000
v 9.451391 -4.950728 0.000000
v 9.451391 -3.150463 0.000000
v 9.451391 -2.250331 0.000000
v 9.451391 -0.450066 0.000000
v 9.451391 0.450067 0.000000
v 9.451391 2.250332 0.000000
v 9.451391 3.150464 0.000000
v 9.451391 4.950729 0.000000
v 9.451391 5.850862 0.000000
v 9.451391 7.651126 0.000000
v 9.451391 8.551258 0.000000
v 9.451391 10.351523 0.000000
v 9.451391 11.251657 0.000000
v 12.151789 13.051921 0.000000
v 12.151789 13.952054 0.000000
v 12.151789 -13.952054 0.000000
v 12.151789 -13.051921 0.000000
v 12.151789 -11.251657 0.000000
v 12.151789 -10.351523 0.000000
v 12.151789 -8.551258 0.000000
v 12.151789 -7.651126 0.000000
v 12.151789 -5.850861 0.000000
v 12.151789 -4.950728 0.000000
v 12.151789 -3.150463 0.000000
v 12.151789 -2.250331 0.000000
v 12.151789 -0.450066 0.000000
v 12.151789 0.450067 0.000000
v 12.151789 2.250332 0.000000
v 12.151789 3.150464 0.000000
v 12.151789 4.950729 0.000000
v 12.151789 5.850862 0.000000
v 12.151789 7.651126 0.000000
v 12.151789 8.551258 0.000000
v 12.151789 10.351523 0.000000
v 12.151789 11.251657 0.000000
v -13.051921 -12.151789 0.000000
v -13.952054 -12.151789 0.000000
v -13.051921 -9.451391 0.000000
v -13.952054 -9.451391 0.000000
v -13.051921 -6.750993 0.000000
v -13.952054 -6.750993 0.000000
v -13.051921 -4.050596 0.000000
v -13.952054 -4.050596 0.000000
v -13.051921 -1.350199 0.000000
v -13.952054 -1.350199 0.000000
v -13.051921 1.350199 0.000000
v -13.952054 1.350199 0.000000
v -13.051921 4.050596 0.000000
v -13.952054 4.050596 0.000000
v -13.051921 6.750994 0.000000
v -13.952054 6.750993 0.000000
v -13.051921 9.451391 0.000000
v -13.952054 9.451391 0.000000
v -13.051921 12.151789 0.000000
v -13.952054 12.151789 0.000000
v -10.351523 -12.151789 0.000000
v -11.251657 -12.151789 0.000000
v -10.351523 -9.451391 0.000000
v -11.251657 -9.451391 0.000000
v -10.351523 -6.750993 0.000000
v -11.251657 -6.750993 0.000000
v -10.351523 -4.050596 0.000000
v -11.251657 -4.050596 0.000000
v -10.351523 -1.350198 0.000000
v -11.251657 -1.350198 0.000000
v -10.351523 1.350199 0.000000
v -11.251657 1.350199 0.000000
v -10.351523 4.050596 0.000000
v -11.251657 4.050596 0.000000
v -10.351523 6.750994 0.000000
v -11.251657 6.750994 0.000000
v -10.351523 9.451391 0.000000
v -11.251657 9.451391 0.000000
v -10.351523 12.151789 0.000000
v -11.251657 12.151789 0.000000
v -7.651126 -12.151789 0.000000
v -8.551258 -12.151789 0.000000
v -7.651126 -9.451391 0.000000
v -8.551258 -9.451391 0.000000
v -7.651126 -6.750993 0.000000
v -8.551258 -6.750993 0.000000
v -7.651126 -4.050596 0.000000
v -8.551258 -4.050596 0.000000
v -7.651126 -1.350198 0.000000
v -8.551258 -1.350198 0.000000
v -7.651126 1.350199 0.000000
v -8.551258 1.350199 0.000000
v -7.651126 4.050596 0.000000
v -8.551258 4.050596 0.000000
v -7.651126 6.750994 0.000000
v -8.551258 6.750994 0.000000
v -7.651126 9.451391 0.000000
v -8.551258 9.451391 0.000000
v -7.651126 12.151789 0.000000
v -8.551258 12.151789 0.000000
v -4.950728 -12.151789 0.000000
v -5.850861 -12.151789 0.000000
v -4.950728 -9.451391 0.000000
v -5.850861 -9.451391 0.000000
v -4.950728 -6.750993 0.000000
v -5.850861 -6.750993 0.000000
v -4.950728 -4.050596 0.000000
v -5.850861 -4.050596 0.000000
v -4.950728 -1.350198 0.000000
v -5.850861 -1.350198 0.000000
v -4.950728 1.350199 0.000000
v -5.850861 1.350199 0.000000
v -4.950728 4.050596 0.000000
v -5.850861 4.050596 0.000000
v -4.950728 6.750994 0.000000
v -5.850861 6.750994 0.000000
v -4.950728 9.451391 0.000000
v -5.850861 9.451391 0.000000
v -4.950728 12.151789 0.000000
v -5.850861 12.151789 0.000000
v -2.250331 -12.151789 0.000000
v -3.150463 -12.151789 0.000000
v -2.250331 -9.451391 0.000000
v -3.150463 -9.451391 0.000000
v -2.250331 -6.750993 0.000000
v -3.150463 -6.750993 0.000000
v -2.250331 -4.050596 0.000000
v -3.150463 -4.050596 0.000000
v -2.250331 -1.350198 0.000000
v -3.150463 -1.350198 0.000000
v -2.250331 1.350199 0.000000
v -3.150464 1.350199 0.000000
v -2.250331 4.050596 0.000000
v -3.150464 4.050596 0.000000
v -2.250331 6.750994 0.000000
v -3.150464 6.750994 0.000000
v -2.250331 9.451391 0.000000
v -3.150464 9.451391 0.000000
v -2.250331 12.151789 0.000000
v -3.150464 12.151789 0.000000
v 0.450066 -12.151789 0.000000
v -0.450066 -12.151789 0.000000
v 0.450066 -9.451391 0.000000
v -0.450066 -9.451391 0.000000
v 0.450066 -6.750993 0.000000
v -0.450066 -6.750993 0.000000
v 0.450066 -4.050596 0.000000
v -0.450066 -4.050596 0.000000
v 0.450066 -1.350198 0.000000
v -0.450066 -1.350198 0.000000
v 0.450066 1.350199 0.000000
v -0.450066 1.350199 0.000000
v 0.450066 4.050596 0.000000
v -0.450066 4.050596 0.000000
v 0.450066 6.750994 0.000000
v -0.450066 6.750994 0.000000
v 0.450066 9.451391 0.000000
v -0.450066 9.451391 0.000000
v 0.450066 12.151789 0.000000
v -0.450067 12.151789 0.000000
v 3.150464 -12.151789 0.000000
v 2.250331 -12.151789 0.000000
v 3.150464 -9.451391 0.000000
v 2.250331 -9.451391 0.000000
v 3.150464 -6.750993 0.000000
v 2.250331 -6.750993 0.000000
v 3.150464 -4.050596 0.000000
v 2.250331 -4.050596 0.000000
v 3.150464 -1.350198 0.000000
v 2.250331 -1.350198 0.000000
v 3.150464 1.350199 0.000000
v 2.250331 1.350199 0.000000
v 3.150464 4.050596 0.000000
v 2.250331 4.050596 0.000000
v 3.150464 6.750994 0.000000
v 2.250331 6.750994 0.000000
v 3.150464 9.451391 0.000000
v 2.250331 9.451391 0.000000
v 3.150463 12.151789 0.000000
v 2.250331 12.151789 0.000000
v 5.850862 -12.151789 0.000000
v 4.950729 -12.151789 0.000000
v 5.850862 -9.451391 0.000000
v 4.950729 -9.451391 0.000000
v 5.850862 -6.750993 0.000000
v 4.950729 -6.750993 0.000000
v 5.850862 -4.050596 0.000000
v 4.950729 -4.050596 0.000000
v 5.850862 -1.350198 0.000000
v 4.950729 -1.350198 0.000000
v 5.850862 1.350199 0.000000
v 4.950729 1.350199 0.000000
v 5.850862 4.050596 0.000000
v 4.950729 4.050596 0.000000
v 5.850862 6.750994 0.000000
v 4.950729 6.750994 0.000000
v 5.850862 9.451391 0.000000
v 4.950729 9.451391 0.000000
v 5.850861 12.151789 0.000000
v 4.950728 12.151789 0.000000
v 8.551258 -12.151789 0.000000
v 7.651126 -12.151789 0.000000
v 8.551258 -9.451391 0.000000
v 7.651126 -9.451391 0.000000
v 8.551258 -6.750993 0.000000
v 7.651126 -6.750993 0.000000
v 8.551258 -4.050596 0.000000
v 7.651126 -4.050596 0.000000
v 8.551258 -1.350198 0.000000
v 7.651126 -1.350198 0.000000
v 8.551258 1.350199 0.000000
v 7.651126 1.350199 0.000000
v 8.551258 4.050596 0.000000
v 7.651126 4.050596 0.000000
v 8.551258 6.750994 0.000000
v 7.651126 6.750994 0.000000
v 8.551258 9.451391 0.000000
v 7.651126 9.451391 0.000000
v 8.551258 12.151789 0.000000
v 7.651126 12.151789 0.000000
v 11.251657 -12.151789 0.000000
v 10.351523 -12.151789 0.000000
v 11.251657 -9.451391 0.000000
v 10.351523 -9.451391 0.000000
v 11.251657 -6.750993 0.000000
v 10.351523 -6.750993 0.000000
v 11.251657 -4.050596 0.000000
v 10.351523 -4.050596 0.000000
v 11.251657 -1.350198 0.000000
v 10.351523 -1.350198 0.000000
v 11.251657 1.350199 0.000000
v 10.351523 1.350199 0.000000
v 11.251657 4.050596 0.000000
v 10.351523 4.050596 0.000000
v 11.251657 6.750994 0.000000
v 10.351523 6.750994 0.000000
v 11.251657 9.451391 0.000000
v 10.351523 9.451391 0.000000
v 11.251657 12.151789 0.000000
v 10.351523 12.151789 0.000000
v 13.952054 -12.151789 0.000000
v 13.051921 -12.151789 0.000000
v 13.952054 -9.451391 0.000000
v 13.051921 -9.451391 0.000000
v 13.952054 -6.750993 0.000000
v 13.051921 -6.750993 0.000000
v 13.952054 -4.050596 0.000000
v 13.051921 -4.050596 0.000000
v 13.952054 -1.350198 0.000000
v 13.051921 -1.350198 0.000000
v 13.952054 1.350199 0.000000
v 13.051921 1.350199 0.000000
v 13.952054 4.050596 0.000000
v 13.051921 4.050596 0.000000
v 13.952054 6.750994 0.000000
v 13.051921 6.750994 0.000000
v 13.952054 9.451391 0.000000
v 13.051921 9.451391 0.000000
v 13.952054 12.151789 0.000000
v 13.051921 12.151789 0.000000
v 13.051921 10.351523 0.000000
v 13.051921 11.251657 0.000000
v 13.952054 10.351523 0.000000
v 13.952054 11.251657 0.000000
v 13.051921 7.651126 0.000000
v 13.051921 8.551258 0.000000
v 13.952054 7.651126 0.000000
v 13.952054 8.551258 0.000000
v 13.051921 4.950729 0.000000
v 13.051921 5.850862 0.000000
v 13.952054 4.950729 0.000000
v 13.952054 5.850862 0.000000
v 13.051921 2.250332 0.000000
v 13.051921 3.150464 0.000000
v 13.952054 2.250332 0.000000
v 13.952054 3.150464 0.000000
v 13.051921 -0.450066 0.000000
v 13.051921 0.450067 0.000000
v 13.952054 -0.450066 0.000000
v 13.952054 0.450067 0.000000
v 13.051921 -3.150463 0.000000
v 13.051921 -2.250331 0.000000
v 13.952054 -3.150463 0.000000
v 13.952054 -2.250331 0.000000
v 13.051921 -5.850861 0.000000
v 13.051921 -4.950728 0.000000
v 13.952054 -5.850861 0.000000
v 13.952054 -4.950728 0.000000
v 13.051921 -8.551258 0.000000
v 13.051921 -7.651126 0.000000
v 13.952054 -8.551258 0.000000
v 13.952054 -7.651126 0.000000
v 13.051921 -11.251657 0.000000
v 13.051921 -10.351523 0.000000
v 13.952054 -11.251657 0.000000
v 13.952054 -10.351523 0.000000
v 13.051921 -13.952054 0.000000
v 13.051921 -13.051921 0.000000
v 13.952054 -13.952054 0.000000
v 13.952054 -13.051921 0.000000
v 10.351523 10.351523 0.000000
v 10.351523 11.251657 0.000000
v 11.251657 10.351523 0.000000
v 11.251657 11.251657 0.000000
v 10.351523 7.651126 0.000000
v 10.351523 8.551258 0.000000
v 11.251657 7.651126 0.000000
v 11.251657 8.551258 0.000000
v 10.351523 4.950729 0.000000
v 10.351523 5.850862 0.000000
v 11.251657 4.950729 0.000000
v 11.251657 5.850862 0.000000
v 10.351523 2.250332 0.000000
v 10.351523 3.150464 0.000000
v 11.251657 2.250332 0.000000
v 11.251657 3.150464 0.000000
v 10.351523 -0.450066 0.000000
v 10.351523 0.450067 0.000000
v 11.251657 -0.450066 0.000000
v 11.251657 0.450067 0.000000
v 10.351523 -3.150463 0.000000
v 10.351523 -2.250331 0.000000
v 11.251657 -3.150463 0.000000
v 11.251657 -2.250331 0.000000
v 10.351523 -5.850861 0.000000
v 10.351523 -4.950728 0.000000
v 11.251657 -5.850861 0.000000
v 11.251657 -4.950728 0.000000
v 10.351523 -8.551258 0.000000
v 10.351523 -7.651126 0.000000
v 11.251657 -8.551258 0.000000
v 11.251657 -7.651126 0.000000
v 10.351523 -11.251657 0.000000
v 10.351523 -10.351523 0.000000
v 11.251657 -11.251657 0.000000
v 11.251657 -10.351523 0.000000
v 10.351523 -13.952054 0.000000
v 10.351523 -13.051921 0.000000
v 11.251657 -13.952054 0.000000
v 11.251657 -13.051921 0.000000
v 7.651126 10.351523 0.000000
v 7.651126 11.251657 0.000000
v 8.551258 10.351523 0.000000
v 8.551258 11.251657 0.000000
v 7.651126 7.651126 0.000000
v 7.651126 8.551258 0.000000
v 8.551258 7.651126 0.000000
v 8.551258 8.551258 0.000000
v 7.651126 4.950729 0.000000
v 7.651126 5.850862 0.000000
v 8.551258 4.950729 0.000000
v 8.551258 5.850862 0.000000
v 7.651126 2.250332 0.000000
v 7.651126 3.150464 0.000000
v 8.551258 2.250332 0.000000
v 8.551258 3.150464 0.000000
v 7.651126 -0.450066 0.000000
v 7.651126 0.450067 0.000000
v 8.551258 -0.450066 0.000000
v 8.551258 0.450067 0.000000
v 7.651126 -3.150463 0.000000
v 7.651126 -2.250331 0.000000
v 8.551258 -3.150463 0.000000
v 8.551258 -2.250331 0.000000
v 7.651126 -5.850861 0.000000
v 7.651126 -4.950728 0.000000
v 8.551258 -5.850861 0.000000
v 8.551258 -4.950728 0.000000
v 7.651126 -8.551258 0.000000
v 7.651126 -7.651126 0.000000
v 8.551258 -8.551258 0.000000
v 8.551258 -7.651126 0.000000
v 7.651126 -11.251657 0.000000
v 7.651126 -10.351523 0.000000
v 8.551258 -11.251657 0.000000
v 8.551258 -10.351523 0.000000
v 7.651126 -13.952054 0.000000
v 7.651126 -13.051921 0.000000
v 8.551258 -13.952054 0.000000
v 8.551258 -13.051921 0.000000
v 4.950729 10.351523 0.000000
v 4.950728 11.251657 0.000000
v 5.850862 10.351523 0.000000
v 5.850861 11.251657 0.000000
v 4.950729 7.651126 0.000000
v 4.950729 8.551258 0.000000
v 5.850862 7.651126 0.000000
v 5.850862 8.551258 0.000000
v 4.950729 4.950729 0.000000
v 4.950729 5.850862 0.000000
v 5.850862 4.950729 0.000000
v 5.850862 5.850862 0.000000
v 4.950729 2.250332 0.000000
v 4.950729 3.150464 0.000000
v 5.850862 2.250332 0.000000
v 5.850862 3.150464 0.000000
v 4.950729 -0.450066 0.000000
v 4.950729 0.450067 0.000000
v 5.850862 -0.450066 0.000000
v 5.850862 0.450067 0.000000
v 4.950729 -3.150463 0.000000
v 4.950729 -2.250331 0.000000
v 5.850862 -3.150463 0.000000
v 5.850862 -2.250331 0.000000
v 4.950729 -5.850861 0.000000
v 4.950729 -4.950728 0.000000
v 5.850862 -5.850861 0.000000
v 5.850862 -4.950728 0.000000
v 4.950729 -8.551258 0.000000
v 4.950729 -7.651126 0.000000
v 5.850862 -8.551258 0.000000
v 5.850862 -7.651126 0.000000
v 4.950729 -11.251657 0.000000
v 4.950729 -10.351523 0.000000
v 5.850862 -11.251657 0.000000
v 5.850862 -10.351523 0.000000
v 4.950729 -13.952054 0.000000
v 4.950729 -13.051921 0.000000
v 5.850862 -13.952054 0.000000
v 5.850862 -13.051921 0.000000
v 2.250331 10.351523 0.000000
v 2.250331 11.251657 0.000000
v 3.150464 10.351523 0.000000
v 3.150463 11.251657 0.000000
v 2.250331 7.651126 0.000000
v 2.250331 8.551258 0.000000
v 3.150464 7.651126 0.000000
v 3.150464 8.551258 0.000000
v 2.250331 4.950729 0.000000
v 2.250331 5.850862 0.000000
v 3.150464 4.950729 0.000000
v 3.150464 5.850862 0.000000
v 2.250331 2.250332 0.000000
v 2.250331 3.150464 0.000000
v 3.150464 2.250332 0.000000
v 3.150464 3.150464 0.000000
v 2.250331 -0.450066 0.000000
v 2.250331 0.450067 0.000000
v 3.150464 -0.450066 0.000000
v 3.150464 0.450067 0.000000
v 2.250331 -3.150463 0.000000
v 2.250331 -2.250331 0.000000
v 3.150464 -3.150463 0.000000
v 3.150464 -2.250331 0.000000
v 2.250331 -5.850861 0.000000
v 2.250331 -4.950728 0.000000
v 3.150464 -5.850861 0.000000
v 3.150464 -4.950728 0.000000
v 2.250331 -8.551258 0.000000
v 2.250331 -7.651126 0.000000
v 3.150464 -8.551258 0.000000
v 3.150464 -7.651126 0.000000
v 2.250331 -11.251657 0.000000
v 2.250331 -10.351523 0.000000
v 3.150464 -11.251657 0.000000
v 3.150464 -10.351523 0.000000
v 2.250332 -13.952054 0.000000
v 2.250331 -13.051921 0.000000
v 3.150464 -13.952054 0.000000
v 3.150464 -13.051921 0.000000
v -0.450066 10.351523 0.000000
v -0.450066 11.251657 0.000000
v 0.450066 10.351523 0.000000
v 0.450066 11.251657 0.000000
v -0.450066 7.651126 0.000000
v -0.450066 8.551258 0.000000
v 0.450066 7.651126 0.000000
v 0.450066 8.551258 0.000000
v -0.450066 4.950729 0.000000
v -0.450066 5.850862 0.000000
v 0.450066 4.950729 0.000000
v 0.450066 5.850862 0.000000
v -0.450066 2.250332 0.000000
v -0.450066 3.150464 0.000000
v 0.450066 2.250332 0.000000
v 0.450066 3.150464 0.000000
v -0.450066 -0.450066 0.000000
v -0.450066 0.450067 0.000000
v 0.450066 -0.450066 0.000000
v 0.450066 0.450067 0.000000
v -0.450066 -3.150463 0.000000
v -0.450066 -2.250331 0.000000
v 0.450066 -3.150463 0.000000
v 0.450066 -2.250331 0.000000
v -0.450066 -5.850861 0.000000
v -0.450066 -4.950728 0.000000
v 0.450066 -5.850861 0.000000
v 0.450066 -4.950728 0.000000
v -0.450066 -8.551258 0.000000
v -0.450066 -7.651126 0.000000
v 0.450066 -8.551258 0.000000
v 0.450066 -7.651126 0.000000
v -0.450066 -11.251657 0.000000
v -0.450066 -10.351523 0.000000
v 0.450066 -11.251657 0.000000
v 0.450066 -10.351523 0.000000
v -0.450066 -13.952054 0.000000
v -0.450066 -13.051921 0.000000
v 0.450067 -13.952054 0.000000
v 0.450066 -13.051921 0.000000
v -3.150464 10.351523 0.000000
v -3.150464 11.251657 0.000000
v -2.250331 10.351523 0.000000
v -2.250331 11.251657 0.000000
v -3.150464 7.651126 0.000000
v -3.150464 8.551258 0.000000
v -2.250331 7.651126 0.000000
v -2.250331 8.551258 0.000000
v -3.150464 4.950729 0.000000
v -3.150464 5.850862 0.000000
v -2.250331 4.950729 0.000000
v -2.250331 5.850862 0.000000
v -3.150464 2.250332 0.000000
v -3.150464 3.150464 0.000000
v -2.250331 2.250332 0.000000
v -2.250331 3.150464 0.000000
v -3.150463 -0.450066 0.000000
v -3.150463 0.450067 0.000000
v -2.250331 -0.450066 0.000000
v -2.250331 0.450067 0.000000
v -3.150463 -3.150463 0.000000
v -3.150463 -2.250331 0.000000
v -2.250331 -3.150463 0.000000
v -2.250331 -2.250331 0.000000
v -3.150463 -5.850861 0.000000
v -3.150463 -4.950728 0.000000
v -2.250331 -5.850861 0.000000
v -2.250331 -4.950728 0.000000
v -3.150463 -8.551258 0.000000
v -3.150463 -7.651126 0.000000
v -2.250331 -8.551258 0.000000
v -2.250331 -7.651126 0.000000
v -3.150463 -11.251657 0.000000
v -3.150463 -10.351523 0.000000
v -2.250331 -11.251657 0.000000
v -2.250331 -10.351523 0.000000
v -3.150463 -13.952054 0.000000
v -3.150463 -13.051921 0.000000
v -2.250331 -13.952054 0.000000
v -2.250331 -13.051921 0.000000
v -5.850861 10.351523 0.000000
v -5.850861 11.251657 0.000000
v -4.950728 10.351523 0.000000
v -4.950728 11.251657 0.000000
v -5.850861 7.651126 0.000000
v -5.850861 8.551258 0.000000
v -4.950728 7.651126 0.000000
v -4.950728 8.551258 0.000000
v -5.850861 4.950729 0.000000
v -5.850861 5.850862 0.000000
v -4.950728 4.950729 0.000000
v -4.950728 5.850862 0.000000
v -5.850861 2.250332 0.000000
v -5.850861 3.150464 0.000000
v -4.950728 2.250332 0.000000
v -4.950728 3.150464 0.000000
v -5.850861 -0.450066 0.000000
v -5.850861 0.450067 0.000000
v -4.950728 -0.450066 0.000000
v -4.950728 0.450067 0.000000
v -5.850861 -3.150463 0.000000
v -5.850861 -2.250331 0.000000
v -4.950728 -3.150463 0.000000
v -4.950728 -2.250331 0.000000
v -5.850861 -5.850861 0.000000
v -5.850861 -4.950728 0.000000
v -4.950728 -5.850861 0.000000
v -4.950728 -4.950728 0.000000
v -5.850861 -8.551258 0.000000
v -5.850861 -7.651126 0.000000
v -4.950728 -8.551258 0.000000
v -4.950728 -7.651126 0.000000
v -5.850861 -11.251657 0.000000
v -5.850861 -10.351523 0.000000
v -4.950728 -11.251657 0.000000
v -4.950728 -10.351523 0.000000
v -5.850861 -13.952054 0.000000
v -5.850861 -13.051921 0.000000
v -4.950728 -13.952054 0.000000
v -4.950728 -13.051921 0.000000
v -8.551258 10.351523 0.000000
v -8.551258 11.251657 0.000000
v -7.651126 10.351523 0.000000
v -7.651126 11.251657 0.000000
v -8.551258 7.651126 0.000000
v -8.551258 8.551258 0.000000
v -7.651126 7.651126 0.000000
v -7.651126 8.551258 0.000000
v -8.551258 4.950729 0.000000
v -8.551258 5.850862 0.000000
v -7.651126 4.950729 0.000000
v -7.651126 5.850862 0.000000
v -8.551258 2.250332 0.000000
v -8.551258 3.150464 0.000000
v -7.651126 2.250332 0.000000
v -7.651126 3.150464 0.000000
v -8.551258 -0.450066 0.000000
v -8.551258 0.450067 0.000000
v -7.651126 -0.450066 0.000000
v -7.651126 0.450067 0.000000
v -8.551258 -3.150463 0.000000
v -8.551258 -2.250331 0.000000
v -7.651126 -3.150463 0.000000
v -7.651126 -2.250331 0.000000
v -8.551258 -5.850861 0.000000
v -8.551258 -4.950728 0.000000
v -7.651126 -5.850861 0.000000
v -7.651126 -4.950728 0.000000
v -8.551258 -8.551258 0.000000
v -8.551258 -7.651126 0.000000
v -7.651126 -8.551258 0.000000
v -7.651126 -7.651126 0.000000
v -8.551258 -11.251657 0.000000
v -8.551258 -10.351523 0.000000
v -7.651126 -11.251657 0.000000
v -7.651126 -10.351523 0.000000
v -8.551258 -13.952054 0.000000
v -8.551258 -13.051921 0.000000
v -7.651126 -13.952054 0.000000
v -7.651126 -13.051921 0.000000
v -11.251657 10.351523 0.000000
v -11.251657 11.251657 0.000000
v -10.351523 10.351523 0.000000
v -10.351523 11.251657 0.000000
v -11.251657 7.651126 0.000000
v -11.251657 8.551258 0.000000
v -10.351523 7.651126 0.000000
v -10.351523 8.551258 0.000000
v -11.251657 4.950729 0.000000
v -11.251657 5.850862 0.000000
v -10.351523 4.950729 0.000000
v -10.351523 5.850862 0.000000
v -11.251657 2.250332 0.000000
v -11.251657 3.150464 0.000000
v -10.351523 2.250332 0.000000
v -10.351523 3.150464 0.000000
v -11.251657 -0.450066 0.000000
v -11.251657 0.450067 0.000000
v -10.351523 -0.450066 0.000000
v -10.351523 0.450067 0.000000
v -11.251657 -3.150463 0.000000
v -11.251657 -2.250331 0.000000
v -10.351523 -3.150463 0.000000
v -10.351523 -2.250331 0.000000
v -11.251657 -5.850861 0.000000
v -11.251657 -4.950728 0.000000
v -10.351523 -5.850861 0.000000
v -10.351523 -4.950728 0.000000
v -11.251657 -8.551258 0.000000
v -11.251657 -7.651126 0.000000
v -10.351523 -8.551258 0.000000
v -10.351523 -7.651126 0.000000
v -11.251657 -11.251657 0.000000
v -11.251657 -10.351523 0.000000
v -10.351523 -11.251657 0.000000
v -10.351523 -10.351523 0.000000
v -11.251657 -13.952054 0.000000
v -11.251657 -13.051921 0.000000
v -10.351523 -13.952054 0.000000
v -10.351523 -13.051921 0.000000
v -13.952054 10.351523 0.000000
v -13.952054 11.251657 0.000000
v -13.051921 10.351523 0.000000
v -13.051921 11.251657 0.000000
v -13.952054 7.651126 0.000000
v -13.952054 8.551258 0.000000
v -13.051921 7.651126 0.000000
v -13.051921 8.551258 0.000000
v -13.952054 4.950728 0.000000
v -13.952054 5.850861 0.000000
v -13.051921 4.950729 0.000000
v -13.051921 5.850862 0.000000
v -13.952054 2.250331 0.000000
v -13.952054 3.150463 0.000000
v -13.051921 2.250331 0.000000
v -13.051921 3.150464 0.000000
v -13.952054 -0.450066 0.000000
v -13.952054 0.450066 0.000000
v -13.051921 -0.450066 0.000000
v -13.051921 0.450066 0.000000
v -13.952054 -3.150463 0.000000
v -13.952054 -2.250331 0.000000
v -13.051921 -3.150463 0.000000
v -13.051921 -2.250331 0.000000
v -13.952054 -5.850861 0.000000
v -13.952054 -4.950728 0.000000
v -13.051921 -5.850861 0.000000
v -13.051921 -4.950728 0.000000
v -13.952054 -8.551258 0.000000
v -13.952054 -7.651126 0.000000
v -13.051921 -8.551258 0.000000
v -13.051921 -7.651126 0.000000
v -13.952054 -11.251657 0.000000
v -13.952054 -10.351523 0.000000
v -13.051921 -11.251657 0.000000
v -13.051921 -10.351523 0.000000
v -13.952054 -13.952054 0.000000
v -13.952054 -13.051921 0.000000
v -13.051921 -13.952054 0.000000
v -13.051921 -13.051921 0.000000
v 10.351523 13.051921 0.000000
v 10.351523 13.952054 0.000000
v 11.251657 13.051921 0.000000
v 11.251657 13.952054 0.000000
v 7.651126 13.051921 0.000000
v 7.651126 13.952054 0.000000
v 8.551258 13.051921 0.000000
v 8.551258 13.952054 0.000000
v 4.950728 13.051921 0.000000
v 4.950728 13.952054 0.000000
v 5.850861 13.051921 0.000000
v 5.850861 13.952054 0.000000
v 2.250331 13.051921 0.000000
v 2.250331 13.952054 0.000000
v 3.150463 13.051921 0.000000
v 3.150463 13.952054 0.000000
v -0.450067 13.051921 0.000000
v -0.450067 13.952054 0.000000
v 0.450066 13.051921 0.000000
v 0.450066 13.952054 0.000000
v -3.150464 13.051921 0.000000
v -3.150464 13.952054 0.000000
v -2.250331 13.051921 0.000000
v -2.250331 13.952054 0.000000
v -5.850861 13.051921 0.000000
v -5.850861 13.952054 0.000000
v -4.950728 13.051921 0.000000
v -4.950728 13.952054 0.000000
v -8.551258 13.051921 0.000000
v -8.551258 13.952054 0.000000
v -7.651126 13.051921 0.000000
v -7.651126 13.952054 0.000000
v -11.251657 13.051921 0.000000
v -11.251657 13.952054 0.000000
v -10.351523 13.051921 0.000000
v -10.351523 13.952054 0.000000
v -13.952054 13.051921 0.000000
v -13.952054 13.952054 0.000000
v -13.051921 13.051921 0.000000
v -13.051921 13.952054 0.000000
v 13.051921 13.051921 0.000000
v 13.051921 13.952054 0.000000
v 13.952054 13.051921 0.000000
v 13.952054 13.952054 0.000000
v -14.852186 -13.952054 3.821661
v -14.852186 -14.852186 3.821661
v 13.952054 -14.852186 3.821661
v 14.852186 -14.852186 3.821661
v 14.852186 13.952054 3.821661
v 14.852186 14.852186 3.821661
v -13.952054 14.852186 3.821661
v -14.852186 14.852186 3.821661
v -14.852186 13.051921 3.821661
v -14.852186 12.151789 3.821661
v -14.852186 10.351523 3.821661
v -14.852186 9.451391 3.821661
v -14.852186 7.651126 3.821661
v -14.852186 6.750993 3.821661
v -14.852186 4.950728 3.821661
v -14.852186 4.050596 3.821661
v -14.852186 2.250331 3.821661
v -14.852186 1.350198 3.821661
v -14.852186 -0.450067 3.821661
v -14.852186 -1.350199 3.821661
v -14.852186 -3.150464 3.821661
v -14.852186 -4.050596 3.821661
v -14.852186 -5.850862 3.821661
v -14.852186 -6.750994 3.821661
v -14.852186 -8.551258 3.821661
v -14.852186 -9.451391 3.821661
v -14.852186 -11.251657 3.821661
v -14.852186 -12.151789 3.821661
v -13.051921 -14.852186 3.821661
v -12.151789 -14.852186 3.821661
v -10.351523 -14.852186 3.821661
v -9.451391 -14.852186 3.821661
v -7.651126 -14.852186 3.821661
v -6.750993 -14.852186 3.821661
v -4.950728 -14.852186 3.821661
v -4.050596 -14.852186 3.821661
v -2.250331 -14.852186 3.821661
v -1.350198 -14.852186 3.821661
v 0.450067 -14.852186 3.821661
v 1.350199 -14.852186 3.821661
v 3.150464 -14.852186 3.821661
v 4.050596 -14.852186 3.821661
v 5.850862 -14.852186 3.821661
v 6.750994 -14.852186 3.821661
v 8.551258 -14.852186 3.821661
v 9.451391 -14.852186 3.821661
v 11.251657 -14.852186 3.821661
v 12.151789 -14.852186 3.821661
v 14.852186 -13.051921 3.821661
v 14.852186 -12.151789 3.821661
v 14.852186 -10.351523 3.821661
v 14.852186 -9.451391 3.821661
v 14.852186 -7.651126 3.821661
v 14.852186 -6.750993 3.821661
v 14.852186 -4.950728 3.821661
v 14.852186 -4.050596 3.821661
v 14.852186 -2.250331 3.821661
v 14.852186 -1.350198 3.821661
v 14.852186 0.450067 3.821661
v 14.852186 1.350199 3.821661
v 14.852186 3.150464 3.821661
v 14.852186 4.050596 3.821661
v 14.852186 5.850862 3.821661
v 14.852186 6.750994 3.821661
v 14.852186 8.551258 3.821661
v 14.852186 9.451391 3.821661
v 14.852186 11.251657 3.821661
v 14.852186 12.151789 3.821661
v 13.051921 14.852186 3.821661
v 12.151789 14.852186 3.821661
v 10.351523 14.852186 3.821661
v 9.451391 14.852186 3.821661
v 7.651126 14.852186 3.821661
v 6.750993 14.852186 3.821661
v 4.950728 14.852186 3.821661
v 4.050596 14.852186 3.821661
v 2.250331 14.852186 3.821661
v 1.350198 14.852186 3.821661
v -0.450067 14.852186 3.821661
v -1.350199 14.852186 3.821661
v -3.150464 14.852186 3.821661
v -4.050596 14.852186 3.821661
v -5.850862 14.852186 3.821661
v -6.750994 14.852186 3.821661
v -8.551258 14.852186 3.821661
v -9.451391 14.852186 3.821661
v -11.251657 14.852186 3.821661
v -12.151789 14.852186 3.821661
v -12.151789 13.952054 3.821661
v -9.451391 13.952054 3.821661
v -6.750993 13.952054 3.821661
v -4.050596 13.952054 3.821661
v -1.350199 13.952054 3.821661
v 1.350198 13.952054 3.821661
v 4.050596 13.952054 3.821661
v 6.750993 13.952054 3.821661
v 9.451391 13.952054 3.821661
v 12.151789 13.952054 3.821661
v -13.952054 -12.151789 3.821661
v -13.952054 -9.451391 3.821661
v -13.952054 -6.750993 3.821661
v -13.952054 -4.050596 3.821661
v -13.952054 -1.350199 3.821661
v -13.952054 1.350199 3.821661
v -13.952054 4.050596 3.821661
v -13.952054 6.750993 3.821661
v -13.952054 9.451391 3.821661
v -13.952054 12.151789 3.821661
v -14.852186 -13.051921 3.821661
v 13.051921 -14.852186 3.821661
v 14.852186 13.051921 3.821661
v -13.051921 14.852186 3.821661
v -14.852186 13.952054 3.821661
v -14.852186 11.251657 3.821661
v -14.852186 8.551258 3.821661
v -14.852186 5.850861 3.821661
v -14.852186 3.150463 3.821661
v -14.852186 0.450066 3.821661
v -14.852186 -2.250332 3.821661
v -14.852186 -4.950729 3.821661
v -14.852186 -7.651126 3.821661
v -14.852186 -10.351523 3.821661
v -13.952054 -14.852186 3.821661
v -11.251657 -14.852186 3.821661
v -8.551258 -14.852186 3.821661
v -5.850861 -14.852186 3.821661
v -3.150463 -14.852186 3.821661
v -0.450066 -14.852186 3.821661
v 2.250332 -14.852186 3.821661
v 4.950729 -14.852186 3.821661
v 7.651126 -14.852186 3.821661
v 10.351523 -14.852186 3.821661
v 14.852186 -13.952054 3.821661
v 14.852186 -11.251657 3.821661
v 14.852186 -8.551258 3.821661
v 14.852186 -5.850861 3.821661
v 14.852186 -3.150463 3.821661
v 14.852186 -0.450066 3.821661
v 14.852186 2.250332 3.821661
v 14.852186 4.950729 3.821661
v 14.852186 7.651126 3.821661
v 14.852186 10.351523 3.821661
v 13.952054 14.852186 3.821661
v 11.251657 14.852186 3.821661
v 8.551258 14.852186 3.821661
v 5.850861 14.852186 3.821661
v 3.150463 14.852186 3.821661
v 0.450066 14.852186 3.821661
v -2.250332 14.852186 3.821661
v -4.950729 14.852186 3.821661
v -7.651126 14.852186 3.821661
v -10.351523 14.852186 3.821661
v -12.151789 -13.952054 3.821661
v -9.451391 -13.952054 3.821661
v -6.750993 -13.952054 3.821661
v -4.050596 -13.952054 3.821661
v -1.350198 -13.952054 3.821661
v 1.350199 -13.952054 3.821661
v 4.050596 -13.952054 3.821661
v 6.750994 -13.952054 3.821661
v 9.451391 -13.952054 3.821661
v 12.151789 -13.952054 3.821661
v 13.952054 -12.151789 3.821661
v 13.952054 -9.451391 3.821661
v 13.952054 -6.750993 3.821661
v 13.952054 -4.050596 3.821661
v 13.952054 -1.350198 3.821661
v 13.952054 1.350199 3.821661
v 13.952054 4.050596 3.821661
v 13.952054 6.750994 3.821661
v 13.952054 9.451391 3.821661
v 13.952054 12.151789 3.821661
v 13.952054 11.251657 3.821661
v 13.952054 10.351523 3.821661
v 13.952054 8.551258 3.821661
v 13.952054 7.651126 3.821661
v 13.952054 5.850862 3.821661
v 13.952054 4.950729 3.821661
v 13.952054 3.150464 3.821661
v 13.952054 2.250332 3.821661
v 13.952054 0.450067 3.821661
v 13.952054 -0.450066 3.821661
v 13.952054 -2.250331 3.821661
v 13.952054 -3.150463 3.821661
v 13.952054 -4.950728 3.821661
v 13.952054 -5.850861 3.821661
v 13.952054 -7.651126 3.821661
v 13.952054 -8.551258 3.821661
v 13.952054 -10.351523 3.821661
v 13.952054 -11.251657 3.821661
v 13.051921 -13.952054 3.821661
v 13.952054 -13.051921 3.821661
v 13.952054 -13.952054 3.821661
v 10.351523 -13.952054 3.821661
v 11.251657 -13.952054 3.821661
v 7.651126 -13.952054 3.821661
v 8.551258 -13.952054 3.821661
v 4.950729 -13.952054 3.821661
v 5.850862 -13.952054 3.821661
v 2.250332 -13.952054 3.821661
v 3.150464 -13.952054 3.821661
v -0.450066 -13.952054 3.821661
v 0.450067 -13.952054 3.821661
v -3.150463 -13.952054 3.821661
v -2.250331 -13.952054 3.821661
v -5.850861 -13.952054 3.821661
v -4.950728 -13.952054 3.821661
v -8.551258 -13.952054 3.821661
v -7.651126 -13.952054 3.821661
v -11.251657 -13.952054 3.821661
v -10.351523 -13.952054 3.821661
v -13.952054 11.251657 3.821661
v -13.952054 10.351523 3.821661
v -13.952054 8.551258 3.821661
v -13.952054 7.651126 3.821661
v -13.952054 5.850861 3.821661
v -13.952054 4.950728 3.821661
v -13.952054 3.150463 3.821661
v -13.952054 2.250331 3.821661
v -13.952054 0.450066 3.821661
v -13.952054 -0.450066 3.821661
v -13.952054 -2.250331 3.821661
v -13.952054 -3.150463 3.821661
v -13.952054 -4.950728 3.821661
v -13.952054 -5.850861 3.821661
v -13.952054 -7.651126 3.821661
v -13.952054 -8.551258 3.821661
v -13.952054 -10.351523 3.821661
v -13.952054 -11.251657 3.821661
v -13.952054 -13.051921 3.821661
v -13.952054 -13.952054 3.821661
v -13.051921 -13.952054 3.821661
v 10.351523 13.952054 3.821661
v 11.251657 13.952054 3.821661
v 7.651126 13.952054 3.821661
v 8.551258 13.952054 3.821661
v 4.950728 13.952054 3.821661
v 5.850861 13.952054 3.821661
v 2.250331 13.952054 3.821661
v 3.150463 13.952054 3.821661
v -0.450067 13.952054 3.821661
v 0.450066 13.952054 3.821661
v -3.150464 13.952054 3.821661
v -2.250331 13.952054 3.821661
v -5.850861 13.952054 3.821661
v -4.950728 13.952054 3.821661
v -8.551258 13.952054 3.821661
v -7.651126 13.952054 3.821661
v -11.251657 13.952054 3.821661
v -10.351523 13.952054 3.821661
v -13.952054 13.952054 3.821661
v -13.952054 13.051921 3.821661
v -13.051921 13.952054 3.821661
v 13.051921 13.952054 3.821661
v 13.952054 13.952054 3.821661
v 13.952054 13.051921 3.821661
v -9.516910 -7.621798 0.009342
v -9.516910 -1.539814 2.546731
v -9.516910 7.621798 -0.026530
v -9.516910 1.539814 2.563650
v -3.518515 -7.621798 0.009342
v -3.518515 -1.539814 2.546731
v -3.518515 7.621798 -0.026530
v -3.518515 1.539814 2.563650
v -9.516910 -7.264034 0.130694
v -9.516910 -6.906270 0.250529
v -9.516910 -6.548506 0.370403
v -9.516910 -6.190742 0.491875
v -9.516910 -5.832978 0.616503
v -9.516910 -5.475214 0.745844
v -9.516910 -5.117451 0.881458
v -9.516910 -4.759687 1.024903
v -9.516910 -4.401924 1.177216
v -9.516910 -4.044159 1.337360
v -9.516910 -3.686396 1.503776
v -9.516910 -3.328632 1.674905
v -9.516910 -2.970869 1.849191
v -9.516910 -2.613105 2.025074
v -9.516910 -2.255341 2.200998
v -9.516910 -1.897578 2.375402
v -9.516910 1.897578 2.394918
v -9.516910 2.255342 2.221051
v -9.516910 2.613105 2.043773
v -9.516910 2.970869 1.864812
v -9.516910 3.328633 1.685896
v -9.516910 3.686397 1.508750
v -9.516910 4.044160 1.335102
v -9.516910 4.401924 1.166679
v -9.516910 4.759688 1.005207
v -9.516910 5.117452 0.852413
v -9.516910 5.475216 0.709449
v -9.516910 5.832980 0.575164
v -9.516910 6.190743 0.447829
v -9.516910 6.548507 0.325720
v -9.516910 6.906271 0.207108
v -9.516910 7.264034 0.090267
v -3.518515 1.897578 2.394918
v -3.518515 2.255342 2.221051
v -3.518515 2.613105 2.043773
v -3.518515 2.970869 1.864812
v -3.518515 3.328633 1.685896
v -3.518515 3.686397 1.508750
v -3.518515 4.044160 1.335102
v -3.518515 4.401924 1.166679
v -3.518515 4.759688 1.005207
v -3.518515 5.117452 0.852413
v -3.518515 5.475216 0.709449
v -3.518515 5.832980 0.575164
v -3.518515 6.190743 0.447829
v -3.518515 6.548507 0.325720
v -3.518515 6.906271 0.207108
v -3.518515 7.264034 0.090267
v -3.518515 -1.897578 2.375403
v -3.518515 -2.255342 2.200998
v -3.518515 -2.613105 2.025075
v -3.518515 -2.970869 1.849191
v -3.518515 -3.328633 1.674905
v -3.518515 -3.686397 1.503776
v -3.518515 -4.044160 1.337360
v -3.518515 -4.401924 1.177216
v -3.518515 -4.759688 1.024903
v -3.518515 -5.117452 0.881459
v -3.518515 -5.475216 0.745845
v -3.518515 -5.832980 0.616503
v -3.518515 -6.190743 0.491875
v -3.518515 -6.548507 0.370403
v -3.518515 -6.906271 0.250529
v -3.518515 -7.264034 0.130694
v 13.468616 5.632089 0.109828
v 7.386632 5.632088 3.695346
v -1.774979 5.632088 0.059138
v 4.307004 5.632088 3.719254
v 13.468616 11.630483 0.109828
v 7.386632 11.630483 3.695346
v -1.774979 11.630482 0.059138
v 4.307004 11.630483 3.719254
v 13.110852 5.632088 0.281309
v 12.753088 5.632088 0.450643
v 12.395325 5.632088 0.620034
v 12.037560 5.632088 0.791683
v 11.679796 5.632088 0.967791
v 11.322032 5.632088 1.150561
v 10.964269 5.632088 1.342193
v 10.606505 5.632088 1.544891
v 10.248741 5.632088 1.760121
v 9.890977 5.632088 1.986415
v 9.533214 5.632088 2.221573
v 9.175450 5.632088 2.463392
v 8.817687 5.632088 2.709671
v 8.459924 5.632088 2.958207
v 8.102160 5.632088 3.206799
v 7.744396 5.632088 3.453246
v 3.949240 5.632088 3.480824
v 3.591477 5.632088 3.235135
v 3.233713 5.632088 2.984629
v 2.875949 5.632088 2.731745
v 2.518186 5.632088 2.478923
v 2.160422 5.632088 2.228603
v 1.802657 5.632088 1.983225
v 1.444894 5.632088 1.745231
v 1.087130 5.632088 1.517059
v 0.729366 5.632088 1.301150
v 0.371602 5.632088 1.099132
v 0.013838 5.632088 0.909376
v -0.343925 5.632088 0.729443
v -0.701689 5.632088 0.556893
v -1.059453 5.632088 0.389286
v -1.417216 5.632088 0.224181
v 3.949240 11.630483 3.480824
v 3.591476 11.630483 3.235135
v 3.233712 11.630482 2.984629
v 2.875949 11.630482 2.731745
v 2.518185 11.630482 2.478923
v 2.160421 11.630482 2.228603
v 1.802657 11.630482 1.983225
v 1.444894 11.630482 1.745231
v 1.087130 11.630482 1.517059
v 0.729366 11.630482 1.301150
v 0.371602 11.630482 1.099132
v 0.013838 11.630482 0.909376
v -0.343925 11.630482 0.729443
v -0.701689 11.630482 0.556893
v -1.059453 11.630482 0.389286
v -1.417216 11.630482 0.224181
v 7.744395 11.630483 3.453246
v 8.102160 11.630483 3.206800
v 8.459923 11.630483 2.958207
v 8.817687 11.630483 2.709671
v 9.175450 11.630483 2.463392
v 9.533215 11.630483 2.221573
v 9.890979 11.630483 1.986415
v 10.248742 11.630483 1.760121
v 10.606505 11.630483 1.544891
v 10.964270 11.630483 1.342193
v 11.322034 11.630483 1.150561
v 11.679797 11.630483 0.967791
v 12.037561 11.630483 0.791683
v 12.395325 11.630483 0.620034
v 12.753089 11.630483 0.450643
v 13.110853 11.630483 0.281309
v 8.474057 -11.016417 0.109828
v 6.377593 -11.016418 3.695346
v 3.219579 -11.016418 0.059138
v 5.316043 -11.016418 3.719254
v 8.474057 -5.018023 0.109828
v 6.377593 -5.018023 3.695346
v 3.219579 -5.018023 0.059138
v 5.316043 -5.018023 3.719254
v 8.350736 -11.016418 0.281309
v 8.227414 -11.016418 0.450643
v 8.104093 -11.016418 0.620034
v 7.980771 -11.016418 0.791683
v 7.857450 -11.016418 0.967791
v 7.734128 -11.016418 1.150561
v 7.610807 -11.016418 1.342193
v 7.487486 -11.016418 1.544891
v 7.364164 -11.016418 1.760121
v 7.240843 -11.016418 1.986415
v 7.117521 -11.016418 2.221573
v 6.994200 -11.016418 2.463392
v 6.870878 -11.016418 2.709671
v 6.747557 -11.016418 2.958207
v 6.624236 -11.016418 3.206799
v 6.500915 -11.016418 3.453246
v 5.192721 -11.016418 3.480824
v 5.069400 -11.016418 3.235135
v 4.946079 -11.016418 2.984629
v 4.822758 -11.016418 2.731745
v 4.699436 -11.016418 2.478923
v 4.576115 -11.016418 2.228603
v 4.452793 -11.016418 1.983225
v 4.329472 -11.016418 1.745231
v 4.206150 -11.016418 1.517059
v 4.082829 -11.016418 1.301150
v 3.959508 -11.016418 1.099132
v 3.836186 -11.016418 0.909376
v 3.712865 -11.016418 0.729443
v 3.589544 -11.016418 0.556893
v 3.466222 -11.016418 0.389286
v 3.342901 -11.016418 0.224181
v 5.192721 -5.018023 3.480824
v 5.069400 -5.018023 3.235135
v 4.946079 -5.018023 2.984629
v 4.822757 -5.018023 2.731745
v 4.699436 -5.018023 2.478923
v 4.576115 -5.018023 2.228603
v 4.452793 -5.018023 1.983225
v 4.329472 -5.018023 1.745231
v 4.206150 -5.018023 1.517059
v 4.082829 -5.018023 1.301150
v 3.959507 -5.018023 1.099132
v 3.836186 -5.018023 0.909376
v 3.712864 -5.018023 0.729443
v 3.589543 -5.018023 0.556893
v 3.466222 -5.018023 0.389286
v 3.342900 -5.018023 0.224181
v 6.500915 -5.018023 3.453246
v 6.624236 -5.018023 3.206800
v 6.747557 -5.018023 2.958207
v 6.870878 -5.018023 2.709671
v 6.994200 -5.018023 2.463392
v 7.117521 -5.018023 2.221573
v 7.240843 -5.018023 1.986415
v 7.364164 -5.018023 1.760121
v 7.487486 -5.018023 1.544891
v 7.610807 -5.018023 1.342193
v 7.734128 -5.018023 1.150561
v 7.857450 -5.018023 0.967791
v 7.980771 -5.018023 0.791683
v 8.104092 -5.018023 0.620034
v 8.227414 -5.018023 0.450643
v 8.350736 -5.018023 0.281309
vn 1.000000 0.000000 -0.000000
vn -1.000000 0.000000 -0.000000
vn -0.000000 1.000000 -0.000000
vn -0.000000 -1.000000 0.000000
vn -0.000000 0.000000 1.000000
vn -0.000000 0.426600 0.904500
vn -0.000000 -0.431900 0.901900
vn -0.000000 -0.002400 -1.000000
vn -0.000000 -0.005500 1.000000
vn -0.000000 -0.321200 0.947000
vn -0.000000 -0.317600 0.948200
vn -0.000000 -0.317700 0.948200
vn -0.000000 -0.321500 0.946900
vn -0.000000 -0.329000 0.944300
vn -0.000000 -0.340000 0.940400
vn -0.000000 -0.354400 0.935100
vn -0.000000 -0.372100 0.928200
vn -0.000000 -0.391700 0.920100
vn -0.000000 -0.408600 0.912700
vn -0.000000 -0.421800 0.906700
vn -0.000000 -0.431500 0.902100
vn -0.000000 -0.438000 0.899000
vn -0.000000 -0.441200 0.897400
vn -0.000000 -0.441300 0.897400
vn -0.000000 -0.438200 0.898900
vn -0.000000 0.310300 0.950600
vn -0.000000 0.310500 0.950600
vn -0.000000 0.314700 0.949200
vn -0.000000 0.323000 0.946400
vn -0.000000 0.335300 0.942100
vn -0.000000 0.351400 0.936200
vn -0.000000 0.371100 0.928600
vn -0.000000 0.392800 0.919600
vn -0.000000 0.411400 0.911500
vn -0.000000 0.425900 0.904800
vn -0.000000 0.436700 0.899600
vn -0.000000 0.443700 0.896200
vn -0.000000 0.447300 0.894400
vn -0.000000 0.447400 0.894300
vn -0.000000 0.444000 0.896000
vn -0.000000 0.437100 0.899400
vn -0.554600 0.000000 0.832100
vn 0.560400 0.000000 0.828200
vn 0.003300 0.000000 -1.000000
vn 0.007800 0.000000 1.000000
vn 0.432200 0.000000 0.901800
vn 0.427800 0.000000 0.903900
vn 0.427900 0.000000 0.903800
vn 0.432600 0.000000 0.901600
vn 0.441600 0.000000 0.897200
vn 0.454900 0.000000 0.890500
vn 0.472200 0.000000 0.881500
vn 0.492900 0.000000 0.870100
vn 0.515500 0.000000 0.856900
vn 0.534600 0.000000 0.845100
vn 0.549300 0.000000 0.835600
vn 0.560000 0.000000 0.828500
vn 0.567000 0.000000 0.823700
vn 0.570500 0.000000 0.821300
vn 0.570600 0.000000 0.821200
vn 0.567300 0.000000 0.823500
vn -0.418900 0.000000 0.908000
vn -0.419000 0.000000 0.908000
vn -0.424200 0.000000 0.905600
vn -0.434400 0.000000 0.900700
vn -0.449300 0.000000 0.893400
vn -0.468600 0.000000 0.883400
vn -0.491700 0.000000 0.870800
vn -0.516700 0.000000 0.856200
vn -0.537700 0.000000 0.843100
vn -0.553900 0.000000 0.832600
vn -0.565600 0.000000 0.824700
vn -0.573300 0.000000 0.819400
vn -0.577100 0.000000 0.816700
vn -0.577200 0.000000 0.816600
vn -0.573600 0.000000 0.819200
vn -0.566100 0.000000 0.824300
vn -0.888200 0.000000 0.459400
vn 0.891100 0.000000 0.453900
vn 0.009600 0.000000 -1.000000
vn 0.022500 0.000000 0.999700
vn 0.811900 0.000000 0.583900
vn 0.808400 0.000000 0.588700
vn 0.808400 0.000000 0.588600
vn 0.812100 0.000000 0.583500
vn 0.819100 0.000000 0.573600
vn 0.828900 0.000000 0.559300
vn 0.840900 0.000000 0.541200
vn 0.854300 0.000000 0.519800
vn 0.867700 0.000000 0.497200
vn 0.878100 0.000000 0.478500
vn 0.885600 0.000000 0.464400
vn 0.890800 0.000000 0.454300
vn 0.894200 0.000000 0.447700
vn 0.895800 0.000000 0.444500
vn 0.895800 0.000000 0.444400
vn 0.894300 0.000000 0.447500
vn -0.801100 0.000000 0.598600
vn -0.801200 0.000000 0.598400
vn -0.805500 0.000000 0.592600
vn -0.813600 0.000000 0.581500
vn -0.824900 0.000000 0.565300
vn -0.838500 0.000000 0.544900
vn -0.853500 0.000000 0.521000
vn -0.868300 0.000000 0.496000
vn -0.879700 0.000000 0.475500
vn -0.887900 0.000000 0.460100
vn -0.893500 0.000000 0.449100
vn -0.897000 0.000000 0.441900
vn -0.898800 0.000000 0.438400
vn -0.898800 0.000000 0.438300
vn -0.897200 0.000000 0.441700
vn -0.893700 0.000000 0.448600
vt 5.978088 4.905056
vt 5.978088 5.024696
vt 5.470984 5.024696
vt 5.470984 4.905056
vt 5.470984 4.665792
vt 5.470984 4.785424
vt 4.963840 4.785424
vt 4.963840 4.665792
vt 5.978088 4.785424
vt 5.470984 4.785424
vt 5.470984 4.306880
vt 5.470984 4.426520
vt 4.963840 4.426520
vt 4.963840 4.306880
vt 5.978088 4.546152
vt 5.978088 4.665792
vt 5.470984 4.665792
vt 5.470984 4.546152
vt 5.470984 3.947976
vt 5.470984 4.067608
vt 4.963840 4.067608
vt 4.963840 3.947976
vt 6.486016 4.306880
vt 6.486016 4.426520
vt 5.978088 4.426520
vt 5.978088 4.306880
vt 5.978088 4.426520
vt 4.963840 7.537040
vt 4.963840 7.656680
vt 4.455904 7.656680
vt 4.455904 7.537040
vt 6.993952 7.297776
vt 6.993952 7.417408
vt 6.486016 7.417408
vt 6.486016 7.297776
vt 5.978088 4.187248
vt 5.978088 4.306880
vt 5.470984 4.187248
vt 4.067608 0.119632
vt 4.187248 0.119632
vt 4.187248 0.239272
vt 4.067608 0.239272
vt 4.067608 0.478544
vt 4.187248 0.478544
vt 4.187248 0.598176
vt 4.067608 0.598176
vt 4.067608 0.837448
vt 4.187248 0.837448
vt 4.187248 0.957088
vt 4.067608 0.957088
vt 4.067608 1.196360
vt 4.187248 1.196360
vt 4.187248 1.315992
vt 4.067608 1.315992
vt 4.067608 1.555264
vt 4.187248 1.555264
vt 4.187248 1.674896
vt 4.067608 1.674896
vt 4.067608 1.914168
vt 4.187248 1.914168
vt 4.187248 2.033808
vt 4.067608 2.033808
vt 4.067608 2.273080
vt 4.187248 2.273080
vt 4.187248 2.392712
vt 4.067608 2.392712
vt 4.067608 2.631984
vt 4.187248 2.631984
vt 4.187248 2.751616
vt 4.067608 2.751616
vt 4.067608 2.990888
vt 4.187248 2.990888
vt 4.187248 3.110528
vt 4.067608 3.110528
vt 4.067608 3.349800
vt 4.187248 3.349800
vt 4.187248 3.469432
vt 4.067608 3.469432
vt 4.426520 0.119632
vt 4.546152 0.119632
vt 4.546152 0.239272
vt 4.426520 0.239272
vt 4.426520 0.478544
vt 4.546152 0.478544
vt 4.546152 0.598176
vt 4.426520 0.598176
vt 4.426520 0.837448
vt 4.546152 0.837448
vt 4.546152 0.957088
vt 4.426520 0.957088
vt 4.426520 1.196360
vt 4.546152 1.196360
vt 4.546152 1.315992
vt 4.426520 1.315992
vt 4.426520 1.555264
vt 4.546152 1.555264
vt 4.546152 1.674896
vt 4.426520 1.674896
vt 4.426520 1.914168
vt 4.546152 1.914168
vt 4.546152 2.033808
vt 4.426520 2.033808
vt 4.426520 2.273080
vt 4.546152 2.273080
vt 4.546152 2.392712
vt 4.426520 2.392712
vt 4.426520 2.631984
vt 4.546152 2.631984
vt 4.546152 2.751616
vt 4.426520 2.751616
vt 4.426520 2.990888
vt 4.546152 2.990888
vt 4.546152 3.110528
vt 4.426520 3.110528
vt 4.426520 3.349800
vt 4.546152 3.349800
vt 4.546152 3.469432
vt 4.426520 3.469432
vt 4.785424 0.119632
vt 4.905056 0.119632
vt 4.905056 0.239272
vt 4.785424 0.239272
vt 4.785424 0.478544
vt 4.905056 0.478544
vt 4.905056 0.598176
vt 4.785424 0.598176
vt 4.785424 0.837448
vt 4.905056 0.837448
vt 4.905056 0.957088
vt 4.785424 0.957088
vt 4.785424 1.196360
vt 4.905056 1.196360
vt 4.905056 1.315992
vt 4.785424 1.315992
vt 4.785424 1.555264
vt 4.905056 1.555264
vt 4.905056 1.674896
vt 4.785424 1.674896
vt 4.785424 1.914168
vt 4.905056 1.914168
vt 4.905056 2.033808
vt 4.785424 2.033808
vt 4.785424 2.273080
vt 4.905056 2.273080
vt 4.905056 2.392712
vt 4.785424 2.392712
vt 4.785424 2.631984
vt 4.905056 2.631984
vt 4.905056 2.751616
vt 4.785424 2.751616
vt 4.785424 2.990888
vt 4.905056 2.990888
vt 4.905056 3.110528
vt 4.785424 3.110528
vt 4.785424 3.349800
vt 4.905056 3.349800
vt 4.905056 3.469432
vt 4.785424 3.469432
vt 5.144328 0.119632
vt 5.263968 0.119632
vt 5.263968 0.239272
vt 5.144328 0.239272
vt 5.144328 0.478544
vt 5.263968 0.478544
vt 5.263968 0.598176
vt 5.144328 0.598176
vt 5.144328 0.837448
vt 5.263968 0.837448
vt 5.263968 0.957088
vt 5.144328 0.957088
vt 5.144328 1.196360
vt 5.263968 1.196360
vt 5.263968 1.315992
vt 5.144328 1.315992
vt 5.144328 1.555264
vt 5.263968 1.555264
vt 5.263968 1.674896
vt 5.144328 1.674896
vt 5.144328 1.914168
vt 5.263968 1.914168
vt 5.263968 2.033808
vt 5.144328 2.033808
vt 5.144328 2.273080
vt 5.263968 2.273080
vt 5.263968 2.392712
vt 5.144328 2.392712
vt 5.144328 2.631984
vt 5.263968 2.631984
vt 5.263968 2.751616
vt 5.144328 2.751616
vt 5.144328 2.990888
vt 5.263968 2.990888
vt 5.263968 3.110528
vt 5.144328 3.110528
vt 5.144328 3.349800
vt 5.263968 3.349800
vt 5.263968 3.469432
vt 5.144328 3.469432
vt 5.503240 0.119632
vt 5.622872 0.119632
vt 5.622872 0.239272
vt 5.503240 0.239272
vt 5.503240 0.478544
vt 5.622872 0.478544
vt 5.622872 0.598176
vt 5.503240 0.598176
vt 5.503240 0.837448
vt 5.622872 0.837448
vt 5.622872 0.957088
vt 5.503240 0.957088
vt 5.503240 1.196360
vt 5.622872 1.196360
vt 5.622872 1.315992
vt 5.503240 1.315992
vt 5.503240 1.555264
vt 5.622872 1.555264
vt 5.622872 1.674896
vt 5.503240 1.674896
vt 5.503240 1.914168
vt 5.622872 1.914168
vt 5.622872 2.033808
vt 5.503240 2.033808
vt 5.503240 2.273080
vt 5.622872 2.273080
vt 5.622872 2.392712
vt 5.503240 2.392712
vt 5.503240 2.631984
vt 5.622872 2.631984
vt 5.622872 2.751616
vt 5.503240 2.751616
vt 5.503240 2.990888
vt 5.622872 2.990888
vt 5.622872 3.110528
vt 5.503240 3.110528
vt 5.503240 3.349800
vt 5.622872 3.349800
vt 5.622872 3.469432
vt 5.503240 3.469432
vt 5.862144 0.119632
vt 5.981776 0.119632
vt 5.981776 0.239272
vt 5.862144 0.239272
vt 5.862144 0.478544
vt 5.981776 0.478544
vt 5.981776 0.598176
vt 5.862144 0.598176
vt 5.862144 0.837448
vt 5.981776 0.837448
vt 5.981776 0.957088
vt 5.862144 0.957088
vt 5.862144 1.196360
vt 5.981776 1.196360
vt 5.981776 1.315992
vt 5.862144 1.315992
vt 5.862144 1.555264
vt 5.981776 1.555264
vt 5.981776 1.674896
vt 5.862144 1.674896
vt 5.862144 1.914168
vt 5.981776 1.914168
vt 5.981776 2.033808
vt 5.862144 2.033808
vt 5.862144 2.273080
vt 5.981776 2.273080
vt 5.981776 2.392712
vt 5.862144 2.392712
vt 5.862144 2.631984
vt 5.981776 2.631984
vt 5.981776 2.751616
vt 5.862144 2.751616
vt 5.862144 2.990888
vt 5.981776 2.990888
vt 5.981776 3.110528
vt 5.862144 3.110528
vt 5.862144 3.349800
vt 5.981776 3.349800
vt 5.981776 3.469432
vt 5.862144 3.469432
vt 6.221048 0.119632
vt 6.340688 0.119632
vt 6.340688 0.239272
vt 6.221048 0.239272
vt 6.221048 0.478544
vt 6.340688 0.478544
vt 6.340688 0.598176
vt 6.221048 0.598176
vt 6.221048 0.837448
vt 6.340688 0.837448
vt 6.340688 0.957088
vt 6.221048 0.957088
vt 6.221048 1.196360
vt 6.340688 1.196360
vt 6.340688 1.315992
vt 6.221048 1.315992
vt 6.221048 1.555264
vt 6.340688 1.555264
vt 6.340688 1.674896
vt 6.221048 1.674896
vt 6.221048 1.914168
vt 6.340688 1.914168
vt 6.340688 2.033808
vt 6.221048 2.033808
vt 6.221048 2.273080
vt 6.340688 2.273080
vt 6.340688 2.392712
vt 6.221048 2.392712
vt 6.221048 2.631984
vt 6.340688 2.631984
vt 6.340688 2.751616
vt 6.221048 2.751616
vt 6.221048 2.990888
vt 6.340688 2.990888
vt 6.340688 3.110528
vt 6.221048 3.110528
vt 6.221048 3.349800
vt 6.340688 3.349800
vt 6.340688 3.469432
vt 6.221048 3.469432
vt 6.579960 0.119632
vt 6.699592 0.119632
vt 6.699592 0.239272
vt 6.579960 0.239272
vt 6.579960 0.478544
vt 6.699592 0.478544
vt 6.699592 0.598176
vt 6.579960 0.598176
vt 6.579960 0.837448
vt 6.699592 0.837448
vt 6.699592 0.957088
vt 6.579960 0.957088
vt 6.579960 1.196360
vt 6.699592 1.196360
vt 6.699592 1.315992
vt 6.579960 1.315992
vt 6.579960 1.555264
vt 6.699592 1.555264
vt 6.699592 1.674896
vt 6.579960 1.674896
vt 6.579960 1.914168
vt 6.699592 1.914168
vt 6.699592 2.033808
vt 6.579960 2.033808
vt 6.579960 2.273080
vt 6.699592 2.273080
vt 6.699592 2.392712
vt 6.579960 2.392712
vt 6.579960 2.631984
vt 6.699592 2.631984
vt 6.699592 2.751616
vt 6.579960 2.751616
vt 6.579960 2.990888
vt 6.699592 2.990888
vt 6.699592 3.110528
vt 6.579960 3.110528
vt 6.579960 3.349800
vt 6.699592 3.349800
vt 6.699592 3.469432
vt 6.579960 3.469432
vt 6.938864 0.119632
vt 7.058504 0.119632
vt 7.058504 0.239272
vt 6.938864 0.239272
vt 6.938864 0.478544
vt 7.058496 0.478544
vt 7.058504 0.598176
vt 6.938864 0.598176
vt 6.938864 0.837448
vt 7.058496 0.837448
vt 7.058496 0.957088
vt 6.938864 0.957088
vt 6.938864 1.196360
vt 7.058504 1.196360
vt 7.058504 1.315992
vt 6.938864 1.315992
vt 6.938864 1.555264
vt 7.058496 1.555264
vt 7.058496 1.674896
vt 6.938864 1.674896
vt 6.938864 1.914168
vt 7.058496 1.914168
vt 7.058496 2.033808
vt 6.938864 2.033808
vt 6.938864 2.273080
vt 7.058496 2.273080
vt 7.058496 2.392712
vt 6.938864 2.392712
vt 6.938864 2.631984
vt 7.058496 2.631984
vt 7.058496 2.751616
vt 6.938864 2.751616
vt 6.938864 2.990888
vt 7.058496 2.990888
vt 7.058496 3.110528
vt 6.938864 3.110528
vt 6.938864 3.349800
vt 7.058496 3.349800
vt 7.058496 3.469432
vt 6.938864 3.469432
vt 7.297768 0.119632
vt 7.417408 0.119632
vt 7.417408 0.239272
vt 7.297768 0.239272
vt 7.297768 0.478544
vt 7.417408 0.478544
vt 7.417408 0.598176
vt 7.297768 0.598176
vt 7.297768 0.837448
vt 7.417408 0.837448
vt 7.417408 0.957088
vt 7.297768 0.957088
vt 7.297768 1.196360
vt 7.417408 1.196360
vt 7.417408 1.315992
vt 7.297768 1.315992
vt 7.297768 1.555264
vt 7.417408 1.555264
vt 7.417408 1.674896
vt 7.297768 1.674896
vt 7.297768 1.914168
vt 7.417408 1.914168
vt 7.417408 2.033808
vt 7.297768 2.033808
vt 7.297768 2.273080
vt 7.417408 2.273080
vt 7.417408 2.392712
vt 7.297768 2.392712
vt 7.297768 2.631984
vt 7.417408 2.631984
vt 7.417408 2.751616
vt 7.297768 2.751616
vt 7.297768 2.990888
vt 7.417408 2.990888
vt 7.417408 3.110528
vt 7.297768 3.110528
vt 7.297768 3.349800
vt 7.417408 3.349800
vt 7.417408 3.469432
vt 7.297768 3.469432
vt 5.978088 7.537040
vt 5.978088 7.656680
vt 5.470984 7.656680
vt 5.470984 7.537040
vt 6.486016 4.546152
vt 5.978088 4.546152
vt 5.978088 4.067608
vt 4.455904 7.537040
vt 4.455904 7.656680
vt 3.947976 7.656680
vt 3.947976 7.537040
vt 6.993952 6.699592
vt 6.993952 6.819232
vt 6.486016 6.819232
vt 6.486016 6.699592
vt 6.993952 7.178136
vt 6.486016 7.178136
vt 5.978088 3.828336
vt 5.978088 3.947976
vt 5.470984 3.828336
vt 4.963840 7.656680
vt 4.963840 7.537040
vt 0.507104 6.101416
vt 0.507104 6.221048
vt 0.000000 6.221048
vt 0.000000 6.101416
vt 6.486016 4.665792
vt 5.978088 4.665792
vt 7.537040 3.349800
vt 7.537040 3.469432
vt 7.656680 3.349800
vt 7.656680 3.469432
vt 7.537040 3.110528
vt 7.537040 3.230160
vt 7.417408 3.230160
vt 7.656680 3.110528
vt 7.656680 3.230160
vt 5.978088 3.708704
vt 5.470984 3.708704
vt 7.501096 5.144328
vt 7.501096 5.263968
vt 6.993952 5.263968
vt 6.993952 5.144328
vt 7.537040 2.990888
vt 7.656680 2.990888
vt 7.537040 2.751616
vt 7.537040 2.871256
vt 7.417408 2.871256
vt 7.656680 2.751616
vt 7.656680 2.871256
vt 0.507104 5.981784
vt 0.000000 5.981784
vt 6.993952 6.579960
vt 6.486016 6.579960
vt 7.537040 2.631984
vt 7.656680 2.631984
vt 7.537040 2.392712
vt 7.537040 2.512344
vt 7.417408 2.512344
vt 7.656680 2.392712
vt 7.656680 2.512344
vt 7.501096 3.708704
vt 7.501096 3.828336
vt 6.993952 3.828336
vt 6.993952 3.708704
vt 4.455904 7.058504
vt 4.455904 7.178136
vt 3.947976 7.178136
vt 3.947976 7.058504
vt 7.537040 2.273080
vt 7.656680 2.273080
vt 7.537040 2.033808
vt 7.537040 2.153440
vt 7.417408 2.153440
vt 7.656680 2.033808
vt 7.656680 2.153440
vt 7.501096 5.383600
vt 6.993952 5.383600
vt 0.507104 6.340688
vt 0.000000 6.340688
vt 7.537040 1.914168
vt 7.656680 1.914168
vt 7.537040 1.674896
vt 7.537040 1.794536
vt 7.417408 1.794536
vt 7.656680 1.674896
vt 7.656680 1.794536
vt 7.501096 3.947976
vt 6.993952 3.947976
vt 4.455904 6.938864
vt 3.947976 6.938864
vt 7.537040 1.555264
vt 7.656680 1.555264
vt 7.537040 1.315992
vt 7.537040 1.435624
vt 7.417408 1.435624
vt 7.656680 1.315992
vt 7.656680 1.435624
vt 7.501096 5.024696
vt 6.993952 5.024696
vt 6.993952 6.460320
vt 6.486016 6.460320
vt 7.537040 1.196360
vt 7.656680 1.196360
vt 7.537040 0.957088
vt 7.537040 1.076720
vt 7.417408 1.076720
vt 7.656680 0.957088
vt 7.656680 1.076720
vt 4.455904 6.699592
vt 4.455904 6.819232
vt 3.947976 6.819232
vt 3.947976 6.699592
vt 4.455904 6.579960
vt 3.947976 6.579960
vt 7.537040 0.837448
vt 7.656680 0.837448
vt 7.537040 0.598176
vt 7.537040 0.717816
vt 7.417408 0.717816
vt 7.656680 0.598176
vt 7.656680 0.717816
vt 4.455904 6.340688
vt 4.455904 6.460320
vt 3.947976 6.460320
vt 3.947976 6.340688
vt 4.455904 6.221048
vt 3.947976 6.221048
vt 7.537040 0.478544
vt 7.656680 0.478544
vt 7.537040 0.239272
vt 7.537040 0.358904
vt 7.417408 0.358904
vt 7.656680 0.239272
vt 7.656680 0.358904
vt 6.993952 3.828336
vt 6.993952 3.947976
vt 6.486016 3.947976
vt 6.486016 3.828336
vt 4.455904 5.981784
vt 4.455904 6.101416
vt 3.947976 6.101416
vt 3.947976 5.981784
vt 7.537040 0.119632
vt 7.656680 0.119632
vt 4.455904 5.862144
vt 3.947976 5.862144
vt 7.417408 0.000000
vt 7.537040 0.000000
vt 6.993952 3.708704
vt 6.486016 3.708704
vt 7.656680 0.000000
vt 4.455904 5.622872
vt 4.455904 5.742512
vt 3.947976 5.742512
vt 3.947976 5.622872
vt 4.455904 5.503240
vt 3.947976 5.503240
vt 7.178136 3.349800
vt 7.178136 3.469432
vt 7.178136 3.110528
vt 7.178136 3.230160
vt 7.058496 3.230160
vt 7.297768 3.230160
vt 7.178136 2.990888
vt 7.178136 2.751616
vt 7.178136 2.871256
vt 7.058496 2.871256
vt 7.297768 2.871256
vt 7.178136 2.631984
vt 7.178136 2.392712
vt 7.178136 2.512344
vt 7.058496 2.512344
vt 7.297768 2.512344
vt 7.178136 2.273080
vt 7.178136 2.033808
vt 7.178136 2.153440
vt 7.058496 2.153440
vt 7.297768 2.153440
vt 7.178136 1.914168
vt 7.178136 1.674896
vt 7.178136 1.794536
vt 7.058496 1.794536
vt 7.297768 1.794536
vt 7.178136 1.555264
vt 7.178136 1.315992
vt 7.178136 1.435624
vt 7.058496 1.435624
vt 7.297768 1.435624
vt 7.178136 1.196360
vt 7.178136 0.957088
vt 7.178136 1.076720
vt 7.058496 1.076720
vt 7.297768 1.076720
vt 7.178136 0.837448
vt 7.178136 0.598176
vt 7.178136 0.717816
vt 7.058504 0.717816
vt 7.297768 0.717816
vt 7.178136 0.478544
vt 7.178136 0.239272
vt 7.178136 0.358904
vt 7.058496 0.358904
vt 7.297768 0.358904
vt 7.178136 0.119632
vt 6.993952 7.058504
vt 6.486016 7.058504
vt 7.058504 0.000000
vt 7.178136 0.000000
vt 4.455904 5.263968
vt 4.455904 5.383600
vt 3.947976 5.383600
vt 3.947976 5.263968
vt 7.297768 0.000000
vt 6.486016 4.067608
vt 5.978088 4.067608
vt 5.978088 3.947976
vt 6.819232 3.349800
vt 6.819232 3.469432
vt 6.819232 3.110528
vt 6.819232 3.230160
vt 6.699592 3.230160
vt 6.938864 3.230160
vt 6.819232 2.990888
vt 6.819232 2.751616
vt 6.819232 2.871256
vt 6.699592 2.871256
vt 6.938864 2.871256
vt 6.819232 2.631984
vt 6.819232 2.392712
vt 6.819232 2.512344
vt 6.699592 2.512344
vt 6.938864 2.512344
vt 6.819232 2.273080
vt 6.819232 2.033808
vt 6.819232 2.153440
vt 6.699592 2.153440
vt 6.938864 2.153440
vt 6.819232 1.914168
vt 6.819232 1.674896
vt 6.819232 1.794536
vt 6.699592 1.794536
vt 6.938864 1.794536
vt 6.819232 1.555264
vt 6.819232 1.315992
vt 6.819232 1.435624
vt 6.699592 1.435624
vt 6.938864 1.435624
vt 6.819232 1.196360
vt 6.819232 0.957088
vt 6.819232 1.076720
vt 6.699592 1.076720
vt 6.938864 1.076720
vt 6.819232 0.837448
vt 6.819232 0.598176
vt 6.819232 0.717816
vt 6.699592 0.717816
vt 6.938864 0.717816
vt 6.819232 0.478544
vt 6.819232 0.239272
vt 6.819232 0.358904
vt 6.699592 0.358904
vt 6.938864 0.358904
vt 6.819232 0.119632
vt 0.507104 6.460320
vt 0.507104 6.579960
vt 0.000000 6.579960
vt 0.000000 6.460320
vt 6.699592 0.000000
vt 6.819232 0.000000
vt 4.455904 5.144328
vt 3.947976 5.144328
vt 6.938864 0.000000
vt 7.501096 4.785424
vt 7.501096 4.905064
vt 6.993952 4.905064
vt 6.993952 4.785424
vt 6.460320 3.349800
vt 6.460320 3.469432
vt 6.460320 3.110528
vt 6.460320 3.230160
vt 6.340688 3.230160
vt 6.579960 3.230160
vt 6.460320 2.990888
vt 6.460320 2.751616
vt 6.460320 2.871256
vt 6.340688 2.871256
vt 6.579960 2.871256
vt 6.460320 2.631984
vt 6.460320 2.392712
vt 6.460320 2.512344
vt 6.340688 2.512344
vt 6.579960 2.512344
vt 6.460320 2.273080
vt 6.460320 2.033808
vt 6.460320 2.153440
vt 6.340688 2.153440
vt 6.579960 2.153440
vt 6.460320 1.914168
vt 6.460320 1.674896
vt 6.460320 1.794536
vt 6.340688 1.794536
vt 6.579960 1.794536
vt 6.460320 1.555264
vt 6.460320 1.315992
vt 6.460320 1.435624
vt 6.340688 1.435624
vt 6.579960 1.435624
vt 6.460320 1.196360
vt 6.460320 0.957088
vt 6.460320 1.076720
vt 6.340688 1.076720
vt 6.579960 1.076720
vt 6.460320 0.837448
vt 6.460320 0.598176
vt 6.460320 0.717816
vt 6.340688 0.717816
vt 6.579960 0.717816
vt 6.460320 0.478544
vt 6.460320 0.239272
vt 6.460320 0.358904
vt 6.340688 0.358904
vt 6.579960 0.358904
vt 6.460320 0.119632
vt 6.340688 0.000000
vt 6.460320 0.000000
vt 6.993952 6.938864
vt 6.486016 6.938864
vt 6.579960 0.000000
vt 4.455904 4.905056
vt 4.455904 5.024696
vt 3.947976 5.024696
vt 3.947976 4.905056
vt 6.101416 3.349800
vt 6.101416 3.469432
vt 6.101416 3.110528
vt 6.101416 3.230160
vt 5.981776 3.230160
vt 6.221048 3.230160
vt 6.101416 2.990888
vt 6.101416 2.751616
vt 6.101416 2.871256
vt 5.981776 2.871256
vt 6.221048 2.871256
vt 6.101416 2.631984
vt 6.101416 2.392712
vt 6.101416 2.512344
vt 5.981776 2.512344
vt 6.221048 2.512344
vt 6.101416 2.273080
vt 6.101416 2.033808
vt 6.101416 2.153440
vt 5.981776 2.153440
vt 6.221048 2.153440
vt 6.101416 1.914168
vt 6.101416 1.674896
vt 6.101416 1.794536
vt 5.981776 1.794536
vt 6.221048 1.794536
vt 6.101416 1.555264
vt 6.101416 1.315992
vt 6.101416 1.435624
vt 5.981776 1.435624
vt 6.221048 1.435624
vt 6.101416 1.196360
vt 6.101416 0.957088
vt 6.101416 1.076720
vt 5.981776 1.076720
vt 6.221048 1.076720
vt 6.101416 0.837448
vt 6.101416 0.598176
vt 6.101416 0.717816
vt 5.981776 0.717816
vt 6.221048 0.717816
vt 6.101416 0.478544
vt 6.101416 0.239272
vt 6.101416 0.358904
vt 5.981776 0.358904
vt 6.221048 0.358904
vt 6.101416 0.119632
vt 5.981776 0.000000
vt 6.101416 0.000000
vt 6.486016 4.187248
vt 5.978088 4.187248
vt 6.221048 0.000000
vt 0.507104 6.699592
vt 0.000000 6.699592
vt 5.742512 3.349800
vt 5.742512 3.469432
vt 5.742512 3.110528
vt 5.742512 3.230160
vt 5.622872 3.230160
vt 5.862144 3.230160
vt 5.742512 2.990888
vt 5.742512 2.751616
vt 5.742512 2.871256
vt 5.622872 2.871256
vt 5.862144 2.871256
vt 5.742512 2.631984
vt 5.742512 2.392712
vt 5.742512 2.512344
vt 5.622872 2.512344
vt 5.862144 2.512344
vt 5.742512 2.273080
vt 5.742512 2.033808
vt 5.742512 2.153440
vt 5.622872 2.153440
vt 5.862144 2.153440
vt 5.742512 1.914168
vt 5.742512 1.674896
vt 5.742512 1.794536
vt 5.622872 1.794536
vt 5.862144 1.794536
vt 5.742512 1.555264
vt 5.742512 1.315992
vt 5.742512 1.435624
vt 5.622872 1.435624
vt 5.862144 1.435624
vt 5.742512 1.196360
vt 5.742512 0.957088
vt 5.742512 1.076720
vt 5.622872 1.076720
vt 5.862144 1.076720
vt 5.742512 0.837448
vt 5.742512 0.598176
vt 5.742512 0.717816
vt 5.622872 0.717816
vt 5.862144 0.717816
vt 5.742512 0.478544
vt 5.742512 0.239272
vt 5.742512 0.358904
vt 5.622872 0.358904
vt 5.862144 0.358904
vt 5.742512 0.119632
vt 4.455904 4.785424
vt 3.947976 4.785424
vt 5.622872 0.000000
vt 5.742512 0.000000
vt 7.501096 4.665792
vt 6.993952 4.665792
vt 5.862144 0.000000
vt 5.383600 3.349800
vt 5.383600 3.469432
vt 5.383600 3.110528
vt 5.383600 3.230160
vt 5.263968 3.230160
vt 5.503240 3.230160
vt 5.383600 2.990888
vt 5.383600 2.751616
vt 5.383600 2.871256
vt 5.263968 2.871256
vt 5.503240 2.871256
vt 5.383600 2.631984
vt 5.383600 2.392712
vt 5.383600 2.512344
vt 5.263968 2.512344
vt 5.503240 2.512344
vt 5.383600 2.273080
vt 5.383600 2.033808
vt 5.383600 2.153440
vt 5.263968 2.153440
vt 5.503240 2.153440
vt 5.383600 1.914168
vt 5.383600 1.674896
vt 5.383600 1.794536
vt 5.263968 1.794536
vt 5.503240 1.794536
vt 5.383600 1.555264
vt 5.383600 1.315992
vt 5.383600 1.435624
vt 5.263968 1.435624
vt 5.503240 1.435624
vt 5.383600 1.196360
vt 5.383600 0.957088
vt 5.383600 1.076720
vt 5.263968 1.076720
vt 5.503240 1.076720
vt 5.383600 0.837448
vt 5.383600 0.598176
vt 5.383600 0.717816
vt 5.263968 0.717816
vt 5.503240 0.717816
vt 5.383600 0.478544
vt 5.383600 0.239272
vt 5.383600 0.358904
vt 5.263968 0.358904
vt 5.503240 0.358904
vt 5.383600 0.119632
vt 4.455904 4.546152
vt 4.455904 4.665792
vt 3.947976 4.665792
vt 3.947976 4.546152
vt 5.263968 0.000000
vt 5.383600 0.000000
vt 5.503240 0.000000
vt 0.507104 7.537040
vt 0.507104 7.656680
vt -0.000000 7.656680
vt -0.000000 7.537040
vt 5.024696 3.349800
vt 5.024696 3.469432
vt 5.024696 3.110528
vt 5.024696 3.230160
vt 4.905056 3.230160
vt 5.144328 3.230160
vt 5.024696 2.990888
vt 5.024696 2.751616
vt 5.024696 2.871256
vt 4.905056 2.871256
vt 5.144328 2.871256
vt 5.024696 2.631984
vt 5.024696 2.392712
vt 5.024696 2.512344
vt 4.905056 2.512344
vt 5.144328 2.512344
vt 5.024696 2.273080
vt 5.024696 2.033808
vt 5.024696 2.153440
vt 4.905056 2.153440
vt 5.144328 2.153440
vt 5.024696 1.914168
vt 5.024696 1.674896
vt 5.024696 1.794536
vt 4.905056 1.794536
vt 5.144328 1.794536
vt 5.024696 1.555264
vt 5.024696 1.315992
vt 5.024696 1.435624
vt 4.905056 1.435624
vt 5.144328 1.435624
vt 5.024696 1.196360
vt 5.024696 0.957088
vt 5.024696 1.076720
vt 4.905056 1.076720
vt 5.144328 1.076720
vt 5.024696 0.837448
vt 5.024696 0.598176
vt 5.024696 0.717816
vt 4.905056 0.717816
vt 5.144328 0.717816
vt 5.024696 0.478544
vt 5.024696 0.239272
vt 5.024696 0.358904
vt 4.905056 0.358904
vt 5.144328 0.358904
vt 5.024696 0.119632
vt 4.455904 4.426520
vt 3.947976 4.426520
vt 4.905056 0.000000
vt 5.024696 0.000000
vt 0.507104 7.417408
vt -0.000000 7.417408
vt 5.144328 0.000000
vt 4.455904 4.187248
vt 4.455904 4.306880
vt 3.947976 4.306880
vt 3.947976 4.187248
vt 4.665792 3.349800
vt 4.665792 3.469432
vt 4.665792 3.110528
vt 4.665792 3.230160
vt 4.546152 3.230160
vt 4.785424 3.230160
vt 4.665792 2.990888
vt 4.665792 2.751616
vt 4.665792 2.871256
vt 4.546152 2.871256
vt 4.785424 2.871256
vt 4.665792 2.631984
vt 4.665792 2.392712
vt 4.665792 2.512344
vt 4.546152 2.512344
vt 4.785424 2.512344
vt 4.665792 2.273080
vt 4.665792 2.033808
vt 4.665792 2.153440
vt 4.546152 2.153440
vt 4.785424 2.153440
vt 4.665792 1.914168
vt 4.665792 1.674896
vt 4.665792 1.794536
vt 4.546152 1.794536
vt 4.785424 1.794536
vt 4.665792 1.555264
vt 4.665792 1.315992
vt 4.665792 1.435624
vt 4.546152 1.435624
vt 4.785424 1.435624
vt 4.665792 1.196360
vt 4.665792 0.957088
vt 4.665792 1.076720
vt 4.546152 1.076720
vt 4.785424 1.076720
vt 4.665792 0.837448
vt 4.665792 0.598176
vt 4.665792 0.717816
vt 4.546152 0.717816
vt 4.785424 0.717816
vt 4.665792 0.478544
vt 4.665792 0.239272
vt 4.665792 0.358904
vt 4.546152 0.358904
vt 4.785424 0.358904
vt 4.665792 0.119632
vt 4.455904 4.067608
vt 3.947976 4.067608
vt 4.546152 0.000000
vt 4.665792 0.000000
vt 6.993952 4.187248
vt 6.993952 4.306880
vt 4.785424 0.000000
vt 4.455904 3.828336
vt 4.455904 3.947976
vt 3.947976 3.947976
vt 3.947976 3.828336
vt 4.306880 3.349800
vt 4.306880 3.469432
vt 4.306880 3.110528
vt 4.306880 3.230160
vt 4.187248 3.230160
vt 4.426520 3.230160
vt 4.306880 2.990888
vt 4.306880 2.751616
vt 4.306880 2.871256
vt 4.187248 2.871256
vt 4.426520 2.871256
vt 4.306880 2.631984
vt 4.306880 2.392712
vt 4.306880 2.512344
vt 4.187248 2.512344
vt 4.426520 2.512344
vt 4.306880 2.273080
vt 4.306880 2.033808
vt 4.306880 2.153440
vt 4.187248 2.153440
vt 4.426520 2.153440
vt 4.306880 1.914168
vt 4.306880 1.674896
vt 4.306880 1.794536
vt 4.187248 1.794536
vt 4.426520 1.794536
vt 4.306880 1.555264
vt 4.306880 1.315992
vt 4.306880 1.435624
vt 4.187248 1.435624
vt 4.426520 1.435624
vt 4.306880 1.196360
vt 4.306880 0.957088
vt 4.306880 1.076720
vt 4.187248 1.076720
vt 4.426520 1.076720
vt 4.306880 0.837448
vt 4.306880 0.598176
vt 4.306880 0.717816
vt 4.187248 0.717816
vt 4.426520 0.717816
vt 4.306880 0.478544
vt 4.306880 0.239272
vt 4.306880 0.358904
vt 4.187248 0.358904
vt 4.426520 0.358904
vt 4.306880 0.119632
vt 4.455904 3.708704
vt 3.947976 3.708704
vt 4.187248 0.000000
vt 4.306880 0.000000
vt 6.993952 4.067608
vt 4.426520 0.000000
vt 5.470984 7.058504
vt 5.470984 7.178136
vt 4.963840 7.178136
vt 4.963840 7.058504
vt 5.470984 6.938864
vt 4.963840 6.938864
vt 3.947976 3.349800
vt 3.947976 3.469432
vt 5.470984 6.699592
vt 5.470984 6.819232
vt 4.963840 6.819232
vt 4.963840 6.699592
vt 3.947976 3.110528
vt 4.067608 3.230160
vt 3.947976 3.230160
vt 0.507104 6.819232
vt 0.507104 6.938864
vt 0.000000 6.938864
vt 0.000000 6.819232
vt 3.947976 2.990888
vt 5.978088 7.297768
vt 5.978088 7.178136
vt 5.470984 6.579960
vt 4.963840 6.579960
vt 3.947976 2.751616
vt 4.067608 2.871256
vt 3.947976 2.871256
vt 7.501096 4.426520
vt 7.501096 4.546152
vt 6.993952 4.546152
vt 6.993952 4.426520
vt 3.947976 2.631984
vt 5.470984 6.340688
vt 5.470984 6.460320
vt 4.963840 6.460320
vt 4.963840 6.340688
vt 3.947976 2.392712
vt 4.067608 2.512344
vt 3.947976 2.512344
vt 3.947976 2.273080
vt 0.507104 7.058504
vt -0.000000 7.058504
vt 5.978088 7.417408
vt 3.947976 2.033808
vt 4.067608 2.153440
vt 3.947976 2.153440
vt 5.470984 6.221048
vt 4.963840 6.221048
vt 3.947976 1.914168
vt 7.501096 4.306880
vt 6.993952 4.306880
vt 5.470984 5.981784
vt 5.470984 6.101416
vt 4.963840 6.101416
vt 4.963840 5.981784
vt 3.947976 1.674896
vt 4.067608 1.794536
vt 3.947976 1.794536
vt 5.470984 5.862144
vt 4.963840 5.862144
vt 3.947976 1.555264
vt 5.470984 5.622872
vt 5.470984 5.742512
vt 4.963840 5.742512
vt 4.963840 5.622872
vt 5.978088 3.828336
vt 5.978088 3.708704
vt 3.947976 1.315992
vt 4.067608 1.435624
vt 3.947976 1.435624
vt 5.470984 5.503240
vt 4.963840 5.503240
vt 3.947976 1.196360
vt 6.993952 4.546152
vt 6.993952 4.665792
vt 6.486016 4.665792
vt 5.470984 5.263968
vt 5.470984 5.383600
vt 4.963840 5.383600
vt 4.963840 5.263968
vt 3.947976 0.957088
vt 4.067608 1.076720
vt 3.947976 1.076720
vt 3.947976 0.837448
vt 0.507104 3.947976
vt 0.507104 4.067608
vt 0.000000 4.067608
vt 0.000000 3.947976
vt 5.470984 5.144328
vt 4.963840 5.144328
vt 3.947976 0.598176
vt 4.067608 0.717816
vt 3.947976 0.717816
vt 7.501096 7.297768
vt 7.501096 7.417408
vt 6.993952 7.417408
vt 6.993952 7.297768
vt 3.947976 0.478544
vt 6.993952 4.426520
vt 5.470984 4.905056
vt 5.470984 5.024696
vt 4.963840 5.024696
vt 4.963840 4.905056
vt 3.947976 0.239272
vt 4.067608 0.358904
vt 3.947976 0.358904
vt 0.507104 4.187248
vt 0.000000 4.187248
vt 3.947976 0.119632
vt 7.501096 7.178136
vt 6.993952 7.178136
vt 3.947976 0.000000
vt 4.067608 0.000000
vt 4.963840 4.546152
vt 0.507104 7.178136
vt 0.507104 7.297768
vt -0.000000 7.297768
vt -0.000000 7.178136
vt 7.501096 4.067608
vt 7.501096 4.187248
vt 6.993952 4.187248
vt 6.993952 4.067608
vt 7.178136 3.589072
vt 7.058496 3.589072
vt 7.178136 3.708704
vt 7.058496 3.708704
vt 7.297768 3.589072
vt 7.297768 3.708704
vt 7.417408 3.589072
vt 7.417408 3.708704
vt 6.819232 3.589072
vt 6.699592 3.589072
vt 6.819232 3.708704
vt 6.699592 3.708704
vt 6.938864 3.589072
vt 6.938864 3.708704
vt 6.486016 5.742512
vt 6.486016 5.862144
vt 5.978088 5.862144
vt 5.978088 5.742512
vt 6.460320 3.589072
vt 6.340688 3.589072
vt 6.460320 3.708704
vt 6.340688 3.708704
vt 6.579960 3.589072
vt 6.579960 3.708704
vt 4.963840 4.187248
vt 6.101416 3.589072
vt 5.981776 3.589072
vt 6.101416 3.708704
vt 5.981776 3.708704
vt 6.221048 3.589072
vt 6.221048 3.708704
vt 5.742512 3.589072
vt 5.622872 3.589072
vt 5.742512 3.708704
vt 5.622872 3.708704
vt 5.862144 3.589072
vt 5.862144 3.708704
vt 6.486016 5.981784
vt 5.978088 5.981784
vt 4.963840 3.828336
vt 5.383600 3.589072
vt 5.263968 3.589072
vt 5.383600 3.708704
vt 5.263968 3.708704
vt 5.503240 3.589072
vt 5.503240 3.708704
vt 5.978088 6.938864
vt 5.978088 6.819232
vt 4.963840 3.708704
vt 5.024696 3.589072
vt 4.905056 3.589072
vt 5.024696 3.708704
vt 4.905056 3.708704
vt 5.144328 3.589072
vt 5.144328 3.708704
vt 6.486016 6.101416
vt 5.978088 6.101416
vt 4.963840 7.417408
vt 4.455904 7.417408
vt 4.665792 3.589072
vt 4.546152 3.589072
vt 4.665792 3.708704
vt 4.546152 3.708704
vt 4.785424 3.589072
vt 4.785424 3.708704
vt 5.978088 7.058504
vt 4.963840 7.297768
vt 4.455904 7.297768
vt 4.306880 3.589072
vt 4.187248 3.589072
vt 4.306880 3.708704
vt 4.187248 3.708704
vt 4.426520 3.589072
vt 4.426520 3.708704
vt 6.993952 4.905064
vt 6.993952 5.024696
vt 6.486016 5.024696
vt 6.486016 4.905064
vt 5.470984 7.417408
vt 0.507104 4.306880
vt 0.507104 4.426520
vt 0.000000 4.426520
vt 0.000000 4.306880
vt 4.067608 3.589072
vt 3.947976 3.589072
vt 4.067608 3.708704
vt 3.947976 3.708704
vt 5.470984 7.297768
vt 7.501096 6.938864
vt 7.501096 7.058504
vt 6.993952 7.058504
vt 6.993952 6.938864
vt 7.537040 3.589072
vt 7.537040 3.708704
vt 7.656680 3.589072
vt 7.656680 3.708704
vt 6.993952 4.785424
vt 6.486016 4.785424
vt 3.828336 3.828336
vt 3.947976 3.828336
vt 3.947976 3.947976
vt 3.828336 3.947976
vt 0.239272 3.828336
vt 0.358904 3.828336
vt 0.358904 3.947976
vt 0.239272 3.947976
vt 0.598176 3.828336
vt 0.717816 3.828336
vt 0.717816 3.947976
vt 0.598176 3.947976
vt 0.957088 3.828336
vt 1.076720 3.828336
vt 1.076720 3.947976
vt 0.957088 3.947976
vt 1.315992 3.828336
vt 1.435624 3.828336
vt 1.435624 3.947976
vt 1.315992 3.947976
vt 1.674896 3.828336
vt 1.794536 3.828336
vt 1.794536 3.947976
vt 1.674896 3.947976
vt 2.033808 3.828336
vt 2.153440 3.828336
vt 2.153440 3.947976
vt 2.033808 3.947976
vt 2.392712 3.828336
vt 2.512344 3.828336
vt 2.512344 3.947976
vt 2.392712 3.947976
vt 2.751616 3.828336
vt 2.871256 3.828336
vt 2.871256 3.947976
vt 2.751616 3.947976
vt 3.110528 3.828336
vt 3.230160 3.828336
vt 3.230160 3.947976
vt 3.110528 3.947976
vt 3.469432 3.828336
vt 3.589064 3.828336
vt 3.589064 3.947976
vt 3.469432 3.947976
vt 3.828336 0.239272
vt 3.947976 0.239272
vt 3.947976 0.358904
vt 3.828336 0.358904
vt 3.828336 0.598176
vt 3.947976 0.598176
vt 3.947976 0.717816
vt 3.828336 0.717816
vt 3.828336 0.957088
vt 3.947976 0.957088
vt 3.947976 1.076720
vt 3.828336 1.076720
vt 3.828336 1.315992
vt 3.947976 1.315992
vt 3.947976 1.435624
vt 3.828336 1.435624
vt 3.828336 1.674896
vt 3.947976 1.674896
vt 3.947976 1.794536
vt 3.828336 1.794536
vt 3.828336 2.033808
vt 3.947976 2.033808
vt 3.947976 2.153440
vt 3.828336 2.153440
vt 3.828336 2.392712
vt 3.947976 2.392712
vt 3.947976 2.512344
vt 3.828336 2.512344
vt 3.828336 2.751616
vt 3.947976 2.751616
vt 3.947976 2.871256
vt 3.828336 2.871256
vt 3.828336 3.110528
vt 3.947976 3.110528
vt 3.947976 3.230160
vt 3.828336 3.230160
vt 3.828336 3.469432
vt 3.947976 3.469432
vt 3.947976 3.589064
vt 3.828336 3.589064
vt 3.947976 3.349800
vt 3.828336 3.349800
vt 3.947976 2.990888
vt 3.828336 2.990888
vt 3.947976 2.631984
vt 3.828336 2.631984
vt 3.947976 2.273080
vt 3.828336 2.273080
vt 3.947976 1.914168
vt 3.828336 1.914168
vt 3.947976 1.555264
vt 3.828336 1.555264
vt 3.947976 1.196352
vt 3.828336 1.196352
vt 3.947976 0.837448
vt 3.828336 0.837448
vt 3.947976 0.478544
vt 3.828336 0.478544
vt 3.589064 -0.000000
vt 3.708704 -0.000000
vt 3.708704 0.119632
vt 3.589064 0.119632
vt 3.828336 -0.000000
vt 3.828336 0.119632
vt 3.947976 -0.000000
vt 3.947976 0.119632
vt 3.230160 -0.000000
vt 3.349800 -0.000000
vt 3.349800 0.119632
vt 3.230160 0.119632
vt 3.469432 -0.000000
vt 3.469432 0.119632
vt 2.871256 -0.000000
vt 2.990888 -0.000000
vt 2.990888 0.119632
vt 2.871256 0.119632
vt 3.110528 -0.000000
vt 3.110528 0.119632
vt 2.512344 -0.000000
vt 2.631984 -0.000000
vt 2.631984 0.119632
vt 2.512344 0.119632
vt 2.751616 -0.000000
vt 2.751616 0.119632
vt 2.153440 -0.000000
vt 2.273080 -0.000000
vt 2.273080 0.119632
vt 2.153440 0.119632
vt 2.392712 -0.000000
vt 2.392712 0.119632
vt 1.794536 -0.000000
vt 1.914168 -0.000000
vt 1.914168 0.119632
vt 1.794536 0.119632
vt 2.033808 -0.000000
vt 2.033808 0.119632
vt 1.435624 -0.000000
vt 1.555264 -0.000000
vt 1.555264 0.119632
vt 1.435624 0.119632
vt 1.674896 -0.000000
vt 1.674896 0.119632
vt 1.076720 -0.000000
vt 1.196360 -0.000000
vt 1.196360 0.119632
vt 1.076720 0.119632
vt 1.315992 -0.000000
vt 1.315992 0.119632
vt 0.717816 -0.000000
vt 0.837448 -0.000000
vt 0.837448 0.119632
vt 0.717816 0.119632
vt 0.957088 -0.000000
vt 0.957088 0.119632
vt 0.358904 -0.000000
vt 0.478544 -0.000000
vt 0.478544 0.119632
vt 0.358904 0.119632
vt 0.598176 -0.000000
vt 0.598176 0.119632
vt 0.000000 3.469432
vt 0.119632 3.469432
vt 0.119632 3.589064
vt 0.000000 3.589064
vt 0.000000 3.230160
vt 0.119632 3.230160
vt 0.119632 3.349800
vt 0.000000 3.349800
vt 0.000000 3.110528
vt 0.119632 3.110528
vt 0.000000 2.871256
vt 0.119632 2.871256
vt 0.119632 2.990888
vt 0.000000 2.990888
vt 0.000000 2.751616
vt 0.119632 2.751616
vt 0.000000 2.512344
vt 0.119632 2.512344
vt 0.119632 2.631984
vt 0.000000 2.631984
vt 0.000000 2.392712
vt 0.119632 2.392712
vt 0.000000 2.153440
vt 0.119632 2.153440
vt 0.119632 2.273080
vt 0.000000 2.273080
vt 0.000000 2.033808
vt 0.119632 2.033808
vt 0.000000 1.794536
vt 0.119632 1.794536
vt 0.119632 1.914168
vt 0.000000 1.914168
vt 0.000000 1.674896
vt 0.119632 1.674896
vt 0.000000 1.435624
vt 0.119632 1.435624
vt 0.119632 1.555264
vt 0.000000 1.555264
vt 0.000000 1.315992
vt 0.119632 1.315992
vt 0.000000 1.076720
vt 0.119632 1.076720
vt 0.119632 1.196352
vt 0.000000 1.196352
vt 0.000000 0.957088
vt 0.119632 0.957088
vt 0.000000 0.717816
vt 0.119632 0.717816
vt 0.119632 0.837448
vt 0.000000 0.837448
vt 0.000000 0.598176
vt 0.119632 0.598176
vt 0.000000 0.358904
vt 0.119632 0.358904
vt 0.119632 0.478544
vt 0.000000 0.478544
vt 0.000000 0.239272
vt 0.119632 0.239272
vt 0.000000 -0.000000
vt 0.119632 -0.000000
vt 0.119632 0.119632
vt 0.000000 0.119632
vt 0.239272 -0.000000
vt 0.239272 0.119632
vt 3.349800 3.828336
vt 3.349800 3.947976
vt 2.990888 3.828336
vt 2.990888 3.947976
vt 2.631984 3.828336
vt 2.631984 3.947976
vt 2.273080 3.828336
vt 2.273080 3.947976
vt 1.914168 3.828336
vt 1.914168 3.947976
vt 1.555264 3.828336
vt 1.555264 3.947976
vt 1.196352 3.828336
vt 1.196352 3.947976
vt 0.837448 3.828336
vt 0.837448 3.947976
vt 0.478544 3.828336
vt 0.478544 3.947976
vt 0.000000 3.828336
vt 0.119632 3.828336
vt 0.119632 3.947976
vt 0.000000 3.947976
vt 0.119632 3.708704
vt -0.000000 3.708704
vt 3.708704 3.828336
vt 3.708704 3.947976
vt 3.947976 3.708704
vt 3.828336 3.708704
vt 5.978088 5.144328
vt 5.978088 5.263968
vt 5.470984 5.263968
vt 5.470984 5.144328
vt 5.978088 5.383600
vt 5.470984 5.383600
vt 6.993952 6.101416
vt 6.993952 6.221048
vt 6.486016 6.221048
vt 6.486016 6.101416
vt 7.501096 5.503240
vt 6.993952 5.503240
vt 5.978088 5.503240
vt 5.978088 5.622872
vt 0.507104 5.862144
vt 0.000000 5.862144
vt 7.501096 5.622872
vt 7.501096 5.742512
vt 6.993952 5.742512
vt 6.993952 5.622872
vt 6.993952 6.340688
vt 6.486016 6.340688
vt 0.507104 5.622872
vt 0.507104 5.742512
vt 0.000000 5.742512
vt 0.000000 5.622872
vt 4.963840 7.297768
vt 5.978088 6.221048
vt 5.978088 6.340688
vt 5.978088 6.460320
vt 5.978088 6.579960
vt 5.978088 6.699592
vt 5.978088 5.024696
vt 5.978088 4.905056
vt 5.978088 4.785424
vt 4.963840 3.708704
vt 4.963840 3.828336
vt 4.455912 3.828336
vt 4.455912 3.708704
vt 4.963840 3.947976
vt 4.455912 3.947976
vt 6.993952 5.742512
vt 6.993952 5.862144
vt 6.486016 5.862144
vt 6.486016 5.742512
vt 7.501096 5.862144
vt 6.993952 5.862144
vt 4.963840 4.067608
vt 4.963840 4.187248
vt 4.455912 4.187248
vt 4.455912 4.067608
vt 0.507104 5.503240
vt 0.000000 5.503240
vt 7.501096 5.981784
vt 7.501096 6.101416
vt 6.993952 6.101416
vt 6.993952 5.981784
vt 4.963840 4.306880
vt 4.455912 4.306880
vt 6.993952 5.981784
vt 6.486016 5.981784
vt 0.507104 5.263968
vt 0.507104 5.383600
vt 0.000000 5.383600
vt 0.000000 5.263968
vt 4.455904 7.297768
vt 3.947976 7.297768
vt 4.963840 4.426520
vt 4.963840 4.546152
vt 4.455912 4.546152
vt 4.455912 4.426520
vt 4.963840 4.665792
vt 4.455912 4.665792
vt 4.963840 4.785424
vt 4.963840 4.905056
vt 4.455912 4.905056
vt 4.455912 4.785424
vt 4.963840 5.024696
vt 4.455912 5.024696
vt 4.963840 5.144328
vt 4.963840 5.263968
vt 4.455912 5.263968
vt 4.455912 5.144328
vt 4.963840 5.383600
vt 4.455904 5.383600
vt 4.963840 5.503240
vt 4.963840 5.622872
vt 4.455904 5.622872
vt 4.455904 5.503240
vt 4.963840 5.742512
vt 4.455904 5.742512
vt 6.486016 6.221048
vt 6.486016 5.263968
vt 6.486016 5.383600
vt 5.978088 5.383600
vt 5.978088 5.263968
vt 4.963840 5.862144
vt 4.963840 5.981784
vt 4.455904 5.981784
vt 4.455904 5.862144
vt 4.963840 6.101416
vt 4.455904 6.101416
vt 6.993952 5.383600
vt 6.993952 5.503240
vt 6.486016 5.503240
vt 6.486016 5.144328
vt 5.978088 5.144328
vt 7.501096 6.221048
vt 6.993952 6.221048
vt 4.963840 6.221048
vt 4.963840 6.340688
vt 4.455904 6.340688
vt 4.455904 6.221048
vt 0.507104 5.144328
vt 0.000000 5.144328
vt 7.501096 6.340688
vt 7.501096 6.460320
vt 6.993952 6.460320
vt 6.993952 6.340688
vt 4.963840 6.460320
vt 4.455904 6.460320
vt 6.993952 5.622872
vt 6.486016 5.622872
vt 0.507104 4.905056
vt 0.507104 5.024696
vt 0.000000 5.024696
vt 0.000000 4.905056
vt 4.963840 6.579960
vt 4.963840 6.699592
vt 4.455904 6.699592
vt 4.455904 6.579960
vt 4.963840 6.819232
vt 4.455904 6.819232
vt 4.963840 6.938864
vt 4.963840 7.058504
vt 4.455904 7.058504
vt 4.455904 6.938864
vt 4.963840 7.178136
vt 4.455904 7.178136
vt 6.993952 5.144328
vt 7.501096 6.579960
vt 6.993952 6.579960
vt 0.507104 4.785424
vt 0.000000 4.785424
vt 7.501096 6.699592
vt 7.501096 6.819232
vt 6.993952 6.819232
vt 6.993952 6.699592
vt 6.993952 5.263968
vt 0.507104 4.546152
vt 0.507104 4.665792
vt 0.000000 4.665792
vt 0.000000 4.546152
vt 6.486016 5.622872
vt 6.486016 5.503240
vt 5.978088 5.503240
vt 4.963840 7.417408
vt 4.455904 7.417408
vt 3.947976 7.417408
vt 7.972448 0.760056
vt 7.995296 0.807552
vt 7.998496 1.216856
vt 7.976224 1.264464
vt 0.507112 5.213152
vt 0.507104 5.165600
vt 1.304344 5.165600
vt 1.304352 5.213152
vt 0.529376 7.238448
vt 0.507104 7.190848
vt 0.510312 6.781544
vt 0.533152 6.734048
vt 1.304352 4.708744
vt 1.304344 4.756296
vt 0.507104 4.756296
vt 0.507112 4.708744
vt 3.696248 5.973992
vt 2.899016 5.973984
vt 2.899016 3.947976
vt 3.696248 3.947984
vt 1.304496 3.947976
vt 1.304488 3.995528
vt 0.507248 3.995520
vt 0.507256 3.947976
vt 1.304480 4.043072
vt 0.507240 4.043072
vt 1.304472 4.090624
vt 0.507232 4.090624
vt 1.304464 4.138168
vt 0.507224 4.138168
vt 1.304456 4.185720
vt 0.507216 4.185720
vt 1.304448 4.233264
vt 0.507208 4.233264
vt 1.304440 4.280816
vt 0.507200 4.280816
vt 1.304432 4.328360
vt 0.507192 4.328360
vt 1.304424 4.375912
vt 0.507184 4.375912
vt 1.304416 4.423456
vt 0.507176 4.423456
vt 1.304408 4.471008
vt 0.507168 4.471008
vt 1.304392 4.518552
vt 0.507152 4.518552
vt 1.304384 4.566104
vt 0.507144 4.566104
vt 1.304376 4.613648
vt 0.507136 4.613648
vt 1.304360 4.661200
vt 0.507120 4.661200
vt 0.848896 8.000000
vt 0.833512 7.952416
vt 0.832680 6.021496
vt 0.848896 5.973984
vt 0.818120 7.904824
vt 0.816672 6.069008
vt 0.802488 7.857240
vt 0.800656 6.116520
vt 0.786400 7.809656
vt 0.784424 6.164032
vt 0.769616 7.762064
vt 0.767776 6.211544
vt 0.751912 7.714472
vt 0.750496 6.259056
vt 0.733048 7.666880
vt 0.732392 6.306560
vt 0.712888 7.619280
vt 0.713248 6.354064
vt 0.691576 7.571680
vt 0.692928 6.401568
vt 0.669336 7.524080
vt 0.671560 6.449072
vt 0.646408 7.476472
vt 0.649368 6.496568
vt 0.623016 7.428872
vt 0.626552 6.544064
vt 0.599384 7.381264
vt 0.603312 6.591560
vt 0.575752 7.333656
vt 0.579864 6.639056
vt 0.552336 7.286048
vt 0.556408 6.686552
vt 0.507256 5.973984
vt 0.507248 5.926432
vt 1.304488 5.926432
vt 1.304496 5.973984
vt 0.507240 5.878880
vt 1.304480 5.878880
vt 0.507232 5.831328
vt 1.304472 5.831328
vt 0.507224 5.783776
vt 1.304464 5.783776
vt 0.507216 5.736224
vt 1.304456 5.736224
vt 0.507208 5.688672
vt 1.304448 5.688680
vt 0.507200 5.641128
vt 1.304440 5.641128
vt 0.507192 5.593576
vt 1.304432 5.593576
vt 0.507184 5.546024
vt 1.304424 5.546024
vt 0.507176 5.498472
vt 1.304416 5.498472
vt 0.507160 5.450912
vt 1.304400 5.450920
vt 0.507152 5.403360
vt 1.304392 5.403368
vt 0.507144 5.355808
vt 1.304384 5.355816
vt 0.507136 5.308256
vt 1.304376 5.308264
vt 0.507120 5.260704
vt 1.304360 5.260704
vt 7.656680 -0.000000
vt 7.672896 0.047512
vt 7.672064 1.978432
vt 7.656680 2.026016
vt 7.688904 0.095024
vt 7.687456 1.930840
vt 7.704928 0.142536
vt 7.703088 1.883256
vt 7.721160 0.190048
vt 7.719176 1.835664
vt 7.737808 0.237560
vt 7.735968 1.788080
vt 7.755080 0.285072
vt 7.753672 1.740488
vt 7.773192 0.332576
vt 7.772536 1.692888
vt 7.792336 0.380080
vt 7.792696 1.645296
vt 7.812664 0.427584
vt 7.814016 1.597696
vt 7.834024 0.475088
vt 7.836248 1.550088
vt 7.856224 0.522584
vt 7.859184 1.502488
vt 7.879040 0.570080
vt 7.882576 1.454880
vt 7.902280 0.617576
vt 7.906208 1.407280
vt 7.925736 0.665072
vt 7.929848 1.359672
vt 7.949192 0.712568
vt 7.953256 1.312064
vt 7.947992 4.468024
vt 7.980328 4.515464
vt 7.984864 4.924760
vt 7.953336 4.972416
vt 2.101776 4.708576
vt 2.101776 4.756112
vt 1.304536 4.756112
vt 1.304536 4.708576
vt 7.532624 6.998440
vt 7.501096 6.950784
vt 7.505632 6.541488
vt 7.537968 6.494040
vt 1.304536 5.212984
vt 1.304536 5.165424
vt 2.101776 5.165424
vt 2.101776 5.212984
vt 2.899016 5.973992
vt 2.101776 5.973992
vt 2.101776 3.947976
vt 2.899016 3.947976
vt 1.304496 5.973984
vt 1.304496 5.926424
vt 2.101736 5.926424
vt 2.101736 5.973984
vt 1.304496 5.878864
vt 2.101736 5.878864
vt 1.304496 5.831304
vt 2.101736 5.831304
vt 1.304504 5.783744
vt 2.101744 5.783744
vt 1.304504 5.736184
vt 2.101744 5.736184
vt 1.304504 5.688624
vt 2.101744 5.688624
vt 1.304512 5.641056
vt 2.101744 5.641056
vt 1.304512 5.593496
vt 2.101752 5.593496
vt 1.304512 5.545936
vt 2.101752 5.545936
vt 1.304520 5.498368
vt 2.101760 5.498368
vt 1.304520 5.450808
vt 2.101760 5.450808
vt 1.304520 5.403240
vt 2.101760 5.403240
vt 1.304528 5.355680
vt 2.101768 5.355680
vt 1.304528 5.308112
vt 2.101768 5.308112
vt 1.304528 5.260552
vt 2.101768 5.260552
vt 7.984864 7.760744
vt 7.963088 7.713120
vt 7.961912 5.782200
vt 7.984864 5.734728
vt 7.941304 7.665496
vt 7.939248 5.829672
vt 7.919184 7.617872
vt 7.916576 5.877144
vt 7.896408 7.570248
vt 7.893608 5.924624
vt 7.872648 7.522624
vt 7.870040 5.972096
vt 7.847592 7.474984
vt 7.845592 6.019560
vt 7.820896 7.427344
vt 7.819968 6.067024
vt 7.792360 7.379704
vt 7.792872 6.114488
vt 7.762192 7.332048
vt 7.764104 6.161944
vt 7.730720 7.284400
vt 7.733872 6.209392
vt 7.698264 7.236736
vt 7.702456 6.256840
vt 7.665152 7.189080
vt 7.670160 6.304280
vt 7.631712 7.141416
vt 7.637272 6.351720
vt 7.598256 7.093752
vt 7.604080 6.399160
vt 7.565120 7.046096
vt 7.570880 6.446600
vt 2.101736 3.947976
vt 2.101736 3.995512
vt 1.304496 3.995512
vt 1.304496 3.947976
vt 2.101736 4.043056
vt 1.304496 4.043056
vt 2.101736 4.090592
vt 1.304496 4.090592
vt 2.101744 4.138136
vt 1.304504 4.138136
vt 2.101744 4.185672
vt 1.304504 4.185672
vt 2.101744 4.233216
vt 1.304504 4.233216
vt 2.101744 4.280752
vt 1.304512 4.280752
vt 2.101752 4.328288
vt 1.304512 4.328288
vt 2.101752 4.375824
vt 1.304512 4.375824
vt 2.101760 4.423360
vt 1.304520 4.423360
vt 2.101760 4.470896
vt 1.304520 4.470896
vt 2.101760 4.518432
vt 1.304520 4.518432
vt 2.101768 4.565968
vt 1.304528 4.565968
vt 2.101768 4.613504
vt 1.304528 4.613504
vt 2.101768 4.661040
vt 1.304528 4.661040
vt 7.501096 3.708704
vt 7.524040 3.756176
vt 7.522872 5.687104
vt 7.501096 5.734728
vt 7.546704 3.803656
vt 7.544656 5.639480
vt 7.569376 3.851128
vt 7.566776 5.591856
vt 7.592352 3.898600
vt 7.589552 5.544232
vt 7.615912 3.946072
vt 7.613304 5.496600
vt 7.640360 3.993544
vt 7.638368 5.448968
vt 7.665992 4.041008
vt 7.665064 5.401328
vt 7.693088 4.088464
vt 7.693600 5.353680
vt 7.721856 4.135920
vt 7.723768 5.306032
vt 7.752088 4.183368
vt 7.755240 5.258376
vt 7.783504 4.230816
vt 7.787696 5.210720
vt 7.815800 4.278264
vt 7.820808 5.163056
vt 7.848688 4.325704
vt 7.854248 5.115400
vt 7.881880 4.373144
vt 7.887704 5.067736
vt 7.915080 4.420584
vt 7.920840 5.020072
vt 2.862144 6.930344
vt 2.894480 6.946424
vt 2.899016 7.087472
vt 2.867488 7.104168
vt 1.633088 6.771224
vt 1.600528 6.771224
vt 1.600528 5.973984
vt 1.633088 5.973984
vt 2.446792 6.405768
vt 2.415264 6.389080
vt 2.419808 6.248024
vt 2.452136 6.231944
vt 3.237616 6.771232
vt 3.204552 6.771232
vt 3.204552 5.973992
vt 3.237616 5.973992
vt 1.547288 5.973992
vt 1.547288 6.771232
vt 0.848896 6.771224
vt 0.848896 5.973984
vt 3.696248 4.745216
vt 3.696248 3.947976
vt 3.837344 3.947976
vt 3.837344 4.745216
vt 3.696248 6.771232
vt 3.672560 6.771232
vt 3.672560 5.973992
vt 3.696248 5.973992
vt 3.649152 6.771232
vt 3.649152 5.973992
vt 3.625736 6.771232
vt 3.625736 5.973992
vt 3.602024 6.771232
vt 3.602024 5.973992
vt 3.577720 6.771232
vt 3.577720 5.973992
vt 3.552528 6.771232
vt 3.552528 5.973992
vt 3.526168 6.771232
vt 3.526168 5.973992
vt 3.498336 6.771232
vt 3.498336 5.973992
vt 3.468840 6.771232
vt 3.468840 5.973992
vt 3.437872 6.771232
vt 3.437872 5.973992
vt 3.405728 6.771232
vt 3.405728 5.973992
vt 3.372704 6.771232
vt 3.372704 5.973992
vt 3.339088 6.771232
vt 3.339088 5.973992
vt 3.305176 6.771232
vt 3.305176 5.973992
vt 3.271248 6.771232
vt 3.271248 5.973992
vt 2.899016 6.672392
vt 2.877240 6.655792
vt 2.876072 5.990168
vt 2.855456 6.639192
vt 2.853408 6.006336
vt 2.833336 6.622584
vt 2.830736 6.022512
vt 2.810568 6.605976
vt 2.807768 6.038680
vt 2.786808 6.589352
vt 2.784200 6.054840
vt 2.761744 6.572720
vt 2.759752 6.071000
vt 2.735056 6.556072
vt 2.734128 6.087144
vt 2.706520 6.539408
vt 2.707032 6.103272
vt 2.676352 6.522728
vt 2.678264 6.119384
vt 2.644880 6.506032
vt 2.648032 6.135488
vt 2.612432 6.489328
vt 2.616624 6.151576
vt 2.579320 6.472616
vt 2.584328 6.167656
vt 2.545872 6.455904
vt 2.551432 6.183728
vt 2.512424 6.439184
vt 2.518248 6.199800
vt 2.479288 6.422480
vt 2.485048 6.215872
vt 2.101776 6.771224
vt 2.078960 6.771224
vt 2.078960 5.973984
vt 2.101776 5.973984
vt 2.056136 6.771224
vt 2.056136 5.973984
vt 2.032984 6.771224
vt 2.032984 5.973984
vt 2.009168 6.771224
vt 2.009168 5.973984
vt 1.984376 6.771224
vt 1.984376 5.973984
vt 1.958280 6.771224
vt 1.958280 5.973984
vt 1.930560 6.771224
vt 1.930560 5.973984
vt 1.900992 6.771224
vt 1.900992 5.973984
vt 1.869800 6.771224
vt 1.869800 5.973984
vt 1.837304 6.771224
vt 1.837304 5.973984
vt 1.803832 6.771224
vt 1.803832 5.973984
vt 1.769696 6.771224
vt 1.769696 5.973984
vt 1.735232 6.771224
vt 1.735232 5.973984
vt 1.700760 6.771224
vt 1.700760 5.973984
vt 1.666600 6.771224
vt 1.666600 5.973984
vt 2.415264 6.672392
vt 2.438216 6.688568
vt 2.437040 7.354192
vt 2.415264 7.370792
vt 2.460880 6.704736
vt 2.458824 7.337592
vt 2.483544 6.720912
vt 2.480944 7.320984
vt 2.506520 6.737080
vt 2.503720 7.304376
vt 2.530080 6.753240
vt 2.527472 7.287752
vt 2.554528 6.769400
vt 2.552536 7.271120
vt 2.580160 6.785544
vt 2.579224 7.254472
vt 2.607256 6.801672
vt 2.607760 7.237808
vt 2.636016 6.817784
vt 2.637928 7.221128
vt 2.666248 6.833888
vt 2.669400 7.204432
vt 2.697664 6.849976
vt 2.701856 7.187728
vt 2.729960 6.866056
vt 2.734968 7.171016
vt 2.762848 6.882128
vt 2.768408 7.154304
vt 2.796040 6.898200
vt 2.801856 7.137584
vt 2.829232 6.914272
vt 2.834992 7.120872
s 0
usemtl Material
f 199/1/1 200/2/1 1211/3/1 1292/4/1
f 158/5/2 7/6/2 1170/7/2 1169/8/2
f 27/9/1 199/1/1 1292/4/1 1210/10/1
f 156/11/2 6/12/2 1168/13/2 1167/14/2
f 197/15/1 198/16/1 1209/17/1 1291/18/1
f 154/19/2 5/20/2 1166/21/2 1165/22/2
f 411/23/3 791/24/3 1353/25/3 1317/26/3
f 26/27/1 197/15/1 1291/18/1 1208/12/1
f 152/28/3 3/29/3 1164/30/3 1163/31/3
f 1154/32/4 1156/33/4 1411/34/4 1410/35/4
f 195/36/1 196/37/1 1207/11/1 1290/38/1
f 1112/39/5 236/40/5 45/41/5 453/42/5
f 1108/43/5 238/44/5 46/45/5 455/46/5
f 1104/47/5 240/48/5 47/49/5 457/50/5
f 1100/51/5 242/52/5 48/53/5 459/54/5
f 1096/55/5 244/56/5 49/57/5 461/58/5
f 1092/59/5 246/60/5 50/61/5 463/62/5
f 1088/63/5 248/64/5 51/65/5 465/66/5
f 1084/67/5 250/68/5 52/69/5 467/70/5
f 1080/71/5 252/72/5 53/73/5 469/74/5
f 1076/75/5 254/76/5 54/77/5 471/78/5
f 1072/79/5 258/80/5 55/81/5 473/82/5
f 1068/83/5 260/84/5 56/85/5 475/86/5
f 1064/87/5 262/88/5 57/89/5 477/90/5
f 1060/91/5 264/92/5 58/93/5 479/94/5
f 1056/95/5 266/96/5 59/97/5 481/98/5
f 1052/99/5 268/100/5 60/101/5 483/102/5
f 1048/103/5 270/104/5 61/105/5 485/106/5
f 1044/107/5 272/108/5 62/109/5 487/110/5
f 1040/111/5 274/112/5 63/113/5 489/114/5
f 1036/115/5 276/116/5 64/117/5 491/118/5
f 1032/119/5 280/120/5 65/121/5 493/122/5
f 1028/123/5 282/124/5 66/125/5 495/126/5
f 1024/127/5 284/128/5 67/129/5 497/130/5
f 1020/131/5 286/132/5 68/133/5 499/134/5
f 1016/135/5 288/136/5 69/137/5 501/138/5
f 1012/139/5 290/140/5 70/141/5 503/142/5
f 1008/143/5 292/144/5 71/145/5 505/146/5
f 1004/147/5 294/148/5 72/149/5 507/150/5
f 1000/151/5 296/152/5 73/153/5 509/154/5
f 996/155/5 298/156/5 74/157/5 511/158/5
f 992/159/5 302/160/5 75/161/5 513/162/5
f 988/163/5 304/164/5 76/165/5 515/166/5
f 984/167/5 306/168/5 77/169/5 517/170/5
f 980/171/5 308/172/5 78/173/5 519/174/5
f 976/175/5 310/176/5 79/177/5 521/178/5
f 972/179/5 312/180/5 80/181/5 523/182/5
f 968/183/5 314/184/5 81/185/5 525/186/5
f 964/187/5 316/188/5 82/189/5 527/190/5
f 960/191/5 318/192/5 83/193/5 529/194/5
f 956/195/5 320/196/5 84/197/5 531/198/5
f 952/199/5 324/200/5 85/201/5 533/202/5
f 948/203/5 326/204/5 86/205/5 535/206/5
f 944/207/5 328/208/5 87/209/5 537/210/5
f 940/211/5 330/212/5 88/213/5 539/214/5
f 936/215/5 332/216/5 89/217/5 541/218/5
f 932/219/5 334/220/5 90/221/5 543/222/5
f 928/223/5 336/224/5 91/225/5 545/226/5
f 924/227/5 338/228/5 92/229/5 547/230/5
f 920/231/5 340/232/5 93/233/5 549/234/5
f 916/235/5 342/236/5 94/237/5 551/238/5
f 912/239/5 346/240/5 95/241/5 553/242/5
f 908/243/5 348/244/5 96/245/5 555/246/5
f 904/247/5 350/248/5 97/249/5 557/250/5
f 900/251/5 352/252/5 98/253/5 559/254/5
f 896/255/5 354/256/5 99/257/5 561/258/5
f 892/259/5 356/260/5 100/261/5 563/262/5
f 888/263/5 358/264/5 101/265/5 565/266/5
f 884/267/5 360/268/5 102/269/5 567/270/5
f 880/271/5 362/272/5 103/273/5 569/274/5
f 876/275/5 364/276/5 104/277/5 571/278/5
f 872/279/5 368/280/5 105/281/5 573/282/5
f 868/283/5 370/284/5 106/285/5 575/286/5
f 864/287/5 372/288/5 107/289/5 577/290/5
f 860/291/5 374/292/5 108/293/5 579/294/5
f 856/295/5 376/296/5 109/297/5 581/298/5
f 852/299/5 378/300/5 110/301/5 583/302/5
f 848/303/5 380/304/5 111/305/5 585/306/5
f 844/307/5 382/308/5 112/309/5 587/310/5
f 840/311/5 384/312/5 113/313/5 589/314/5
f 836/315/5 386/316/5 114/317/5 591/318/5
f 832/319/5 390/320/5 115/321/5 593/322/5
f 828/323/5 392/324/5 116/325/5 595/326/5
f 824/327/5 394/328/5 117/329/5 597/330/5
f 820/331/5 396/332/5 118/333/5 599/334/5
f 816/335/5 398/336/5 119/337/5 601/338/5
f 812/339/5 400/340/5 120/341/5 603/342/5
f 808/343/5 402/344/5 121/345/5 605/346/5
f 804/347/5 404/348/5 122/349/5 607/350/5
f 800/351/5 406/352/5 123/353/5 609/354/5
f 796/355/5 408/356/5 124/357/5 611/358/5
f 792/359/5 412/360/5 125/361/5 613/362/5
f 788/363/5 414/364/5 126/365/5 615/366/5
f 784/367/5 416/368/5 127/369/5 617/370/5
f 780/371/5 418/372/5 128/373/5 619/374/5
f 776/375/5 420/376/5 129/377/5 621/378/5
f 772/379/5 422/380/5 130/381/5 623/382/5
f 768/383/5 424/384/5 131/385/5 625/386/5
f 764/387/5 426/388/5 132/389/5 627/390/5
f 760/391/5 428/392/5 133/393/5 629/394/5
f 756/395/5 430/396/5 134/397/5 631/398/5
f 752/399/5 434/400/5 135/401/5 633/402/5
f 748/403/5 436/404/5 136/405/5 635/406/5
f 744/407/5 438/408/5 137/409/5 637/410/5
f 740/411/5 440/412/5 138/413/5 639/414/5
f 736/415/5 442/416/5 139/417/5 641/418/5
f 732/419/5 444/420/5 140/421/5 643/422/5
f 728/423/5 446/424/5 141/425/5 645/426/5
f 724/427/5 448/428/5 142/429/5 647/430/5
f 720/431/5 450/432/5 143/433/5 649/434/5
f 716/435/5 452/436/5 144/437/5 651/438/5
f 150/439/1 4/440/1 1162/441/1 1161/442/1
f 791/24/3 789/443/3 1352/444/3 1353/25/3
f 25/445/1 195/36/1 1290/38/1 1206/20/1
f 148/446/4 2/447/4 1160/448/4 1159/449/4
f 1120/450/4 410/451/4 1253/452/4 1392/453/4
f 432/454/4 1154/32/4 1410/35/4 1254/455/4
f 193/456/1 194/457/1 1205/19/1 1289/458/1
f 146/442/2 1/441/2 1158/459/2 1157/460/2
f 1085/461/1 1086/462/1 1374/463/1 1375/464/1
f 789/443/3 389/465/3 1316/466/3 1352/444/3
f 452/436/5 674/467/5 672/468/5 144/437/5
f 674/467/5 676/469/5 671/470/5 672/468/5
f 143/433/5 670/471/5 673/472/5 451/473/5
f 451/473/5 673/472/5 674/467/5 452/436/5
f 670/471/5 669/474/5 675/475/5 673/472/5
f 673/472/5 675/475/5 676/469/5 674/467/5
f 2/476/1 193/456/1 1289/458/1 1160/477/1
f 688/478/2 687/479/2 1336/480/2 1335/481/2
f 450/432/5 678/482/5 670/471/5 143/433/5
f 678/482/5 680/483/5 669/474/5 670/471/5
f 142/429/5 668/484/5 677/485/5 449/486/5
f 449/486/5 677/485/5 678/482/5 450/432/5
f 668/484/5 667/487/5 679/488/5 677/485/5
f 677/485/5 679/488/5 680/483/5 678/482/5
f 464/489/1 1085/461/1 1375/464/1 1260/490/1
f 1118/491/4 1120/450/4 1392/453/4 1391/492/4
f 448/428/5 682/493/5 668/484/5 142/429/5
f 682/493/5 684/494/5 667/487/5 668/484/5
f 141/425/5 666/495/5 681/496/5 447/497/5
f 447/497/5 681/496/5 682/493/5 448/428/5
f 666/495/5 665/498/5 683/499/5 681/496/5
f 681/496/5 683/499/5 684/494/5 682/493/5
f 1156/500/2 1155/501/2 1412/502/2 1411/503/2
f 191/504/4 192/505/4 1203/506/4 1288/507/4
f 446/424/5 686/508/5 666/495/5 141/425/5
f 686/508/5 688/509/5 665/498/5 666/495/5
f 140/421/5 664/510/5 685/511/5 445/512/5
f 445/512/5 685/511/5 686/508/5 446/424/5
f 664/510/5 663/513/5 687/514/5 685/511/5
f 685/511/5 687/514/5 688/509/5 686/508/5
f 687/479/2 663/515/2 1324/516/2 1336/480/2
f 1086/462/1 466/517/1 1261/518/1 1374/463/1
f 444/420/5 690/519/5 664/510/5 140/421/5
f 690/519/5 692/520/5 663/513/5 664/510/5
f 139/417/5 662/521/5 689/522/5 443/523/5
f 443/523/5 689/522/5 690/519/5 444/420/5
f 662/521/5 661/524/5 691/525/5 689/522/5
f 689/522/5 691/525/5 692/520/5 690/519/5
f 1155/501/2 671/526/2 1328/527/2 1412/502/2
f 23/528/4 191/504/4 1288/507/4 1202/529/4
f 442/416/5 694/530/5 662/521/5 139/417/5
f 694/530/5 696/531/5 661/524/5 662/521/5
f 138/413/5 660/532/5 693/533/5 441/534/5
f 441/534/5 693/533/5 694/530/5 442/416/5
f 660/532/5 659/535/5 695/536/5 693/533/5
f 693/533/5 695/536/5 696/531/5 694/530/5
f 665/537/2 688/478/2 1335/481/2 1325/538/2
f 388/539/4 1118/491/4 1391/492/4 1252/540/4
f 440/412/5 698/541/5 660/532/5 138/413/5
f 698/541/5 700/542/5 659/535/5 660/532/5
f 137/409/5 658/543/5 697/544/5 439/545/5
f 439/545/5 697/544/5 698/541/5 440/412/5
f 658/543/5 657/546/5 699/547/5 697/544/5
f 697/544/5 699/547/5 700/542/5 698/541/5
f 189/548/4 190/549/4 1201/550/4 1287/551/4
f 22/552/4 189/548/4 1287/551/4 1200/553/4
f 438/408/5 702/554/5 658/543/5 137/409/5
f 702/554/5 704/555/5 657/546/5 658/543/5
f 136/405/5 656/556/5 701/557/5 437/558/5
f 437/558/5 701/557/5 702/554/5 438/408/5
f 656/556/5 655/559/5 703/560/5 701/557/5
f 701/557/5 703/560/5 704/555/5 702/554/5
f 187/561/4 188/562/4 1199/563/4 1286/564/4
f 21/565/4 187/561/4 1286/564/4 1198/566/4
f 436/404/5 706/567/5 656/556/5 136/405/5
f 706/567/5 708/568/5 655/559/5 656/556/5
f 135/401/5 654/569/5 705/570/5 435/571/5
f 435/571/5 705/570/5 706/567/5 436/404/5
f 654/569/5 653/572/5 707/573/5 705/570/5
f 705/570/5 707/573/5 708/568/5 706/567/5
f 1152/574/4 234/575/4 1245/576/4 1409/577/4
f 185/578/4 186/579/4 1197/580/4 1285/581/4
f 434/400/5 710/582/5 654/569/5 135/401/5
f 710/582/5 712/583/5 653/572/5 654/569/5
f 20/584/4 185/578/4 1285/581/4 1196/585/4
f 433/586/5 709/587/5 710/582/5 434/400/5
f 1150/588/4 1152/574/4 1409/577/4 1407/589/4
f 709/587/5 711/590/5 712/583/5 710/582/5
f 183/591/4 184/592/4 1195/593/4 1284/594/4
f 19/595/4 183/591/4 1284/594/4 1194/596/4
f 430/396/5 714/597/5 652/598/5 134/397/5
f 714/597/5 716/435/5 651/438/5 652/598/5
f 133/393/5 650/599/5 713/600/5 429/601/5
f 429/601/5 713/600/5 714/597/5 430/396/5
f 650/599/5 649/434/5 715/602/5 713/600/5
f 713/600/5 715/602/5 716/435/5 714/597/5
f 649/434/5 143/433/5 451/473/5 715/602/5
f 715/602/5 451/473/5 452/436/5 716/435/5
f 428/392/5 718/603/5 650/599/5 133/393/5
f 718/603/5 720/431/5 649/434/5 650/599/5
f 132/389/5 648/604/5 717/605/5 427/606/5
f 427/606/5 717/605/5 718/603/5 428/392/5
f 648/604/5 647/430/5 719/607/5 717/605/5
f 717/605/5 719/607/5 720/431/5 718/603/5
f 647/430/5 142/429/5 449/486/5 719/607/5
f 719/607/5 449/486/5 450/432/5 720/431/5
f 426/388/5 722/608/5 648/604/5 132/389/5
f 722/608/5 724/427/5 647/430/5 648/604/5
f 131/385/5 646/609/5 721/610/5 425/611/5
f 425/611/5 721/610/5 722/608/5 426/388/5
f 646/609/5 645/426/5 723/612/5 721/610/5
f 721/610/5 723/612/5 724/427/5 722/608/5
f 645/426/5 141/425/5 447/497/5 723/612/5
f 723/612/5 447/497/5 448/428/5 724/427/5
f 424/384/5 726/613/5 646/609/5 131/385/5
f 726/613/5 728/423/5 645/426/5 646/609/5
f 130/381/5 644/614/5 725/615/5 423/616/5
f 423/616/5 725/615/5 726/613/5 424/384/5
f 644/614/5 643/422/5 727/617/5 725/615/5
f 725/615/5 727/617/5 728/423/5 726/613/5
f 643/422/5 140/421/5 445/512/5 727/617/5
f 727/617/5 445/512/5 446/424/5 728/423/5
f 422/380/5 730/618/5 644/614/5 130/381/5
f 730/618/5 732/419/5 643/422/5 644/614/5
f 129/377/5 642/619/5 729/620/5 421/621/5
f 421/621/5 729/620/5 730/618/5 422/380/5
f 642/619/5 641/418/5 731/622/5 729/620/5
f 729/620/5 731/622/5 732/419/5 730/618/5
f 641/418/5 139/417/5 443/523/5 731/622/5
f 731/622/5 443/523/5 444/420/5 732/419/5
f 420/376/5 734/623/5 642/619/5 129/377/5
f 734/623/5 736/415/5 641/418/5 642/619/5
f 128/373/5 640/624/5 733/625/5 419/626/5
f 419/626/5 733/625/5 734/623/5 420/376/5
f 640/624/5 639/414/5 735/627/5 733/625/5
f 733/625/5 735/627/5 736/415/5 734/623/5
f 639/414/5 138/413/5 441/534/5 735/627/5
f 735/627/5 441/534/5 442/416/5 736/415/5
f 418/372/5 738/628/5 640/624/5 128/373/5
f 738/628/5 740/411/5 639/414/5 640/624/5
f 127/369/5 638/629/5 737/630/5 417/631/5
f 417/631/5 737/630/5 738/628/5 418/372/5
f 638/629/5 637/410/5 739/632/5 737/630/5
f 737/630/5 739/632/5 740/411/5 738/628/5
f 637/410/5 137/409/5 439/545/5 739/632/5
f 739/632/5 439/545/5 440/412/5 740/411/5
f 416/368/5 742/633/5 638/629/5 127/369/5
f 742/633/5 744/407/5 637/410/5 638/629/5
f 126/365/5 636/634/5 741/635/5 415/636/5
f 415/636/5 741/635/5 742/633/5 416/368/5
f 636/634/5 635/406/5 743/637/5 741/635/5
f 741/635/5 743/637/5 744/407/5 742/633/5
f 635/406/5 136/405/5 437/558/5 743/637/5
f 743/637/5 437/558/5 438/408/5 744/407/5
f 414/364/5 746/638/5 636/634/5 126/365/5
f 746/638/5 748/403/5 635/406/5 636/634/5
f 125/361/5 634/639/5 745/640/5 413/641/5
f 413/641/5 745/640/5 746/638/5 414/364/5
f 634/639/5 633/402/5 747/642/5 745/640/5
f 745/640/5 747/642/5 748/403/5 746/638/5
f 633/402/5 135/401/5 435/571/5 747/642/5
f 747/642/5 435/571/5 436/404/5 748/403/5
f 412/360/5 750/643/5 634/639/5 125/361/5
f 750/643/5 752/399/5 633/402/5 634/639/5
f 1116/644/4 432/454/4 1254/455/4 1390/645/4
f 411/646/5 749/647/5 750/643/5 412/360/5
f 181/648/4 182/649/4 1193/650/4 1283/651/4
f 749/647/5 751/652/5 752/399/5 750/643/5
f 433/576/3 751/653/3 1351/654/3 1318/655/3
f 751/652/5 433/586/5 434/400/5 752/399/5
f 408/356/5 754/656/5 632/657/5 124/357/5
f 754/656/5 756/395/5 631/398/5 632/657/5
f 123/353/5 630/658/5 753/659/5 407/660/5
f 407/660/5 753/659/5 754/656/5 408/356/5
f 630/658/5 629/394/5 755/661/5 753/659/5
f 753/659/5 755/661/5 756/395/5 754/656/5
f 629/394/5 133/393/5 429/601/5 755/661/5
f 755/661/5 429/601/5 430/396/5 756/395/5
f 406/352/5 758/662/5 630/658/5 123/353/5
f 758/662/5 760/391/5 629/394/5 630/658/5
f 122/349/5 628/663/5 757/664/5 405/665/5
f 405/665/5 757/664/5 758/662/5 406/352/5
f 628/663/5 627/390/5 759/666/5 757/664/5
f 757/664/5 759/666/5 760/391/5 758/662/5
f 627/390/5 132/389/5 427/606/5 759/666/5
f 759/666/5 427/606/5 428/392/5 760/391/5
f 404/348/5 762/667/5 628/663/5 122/349/5
f 762/667/5 764/387/5 627/390/5 628/663/5
f 121/345/5 626/668/5 761/669/5 403/670/5
f 403/670/5 761/669/5 762/667/5 404/348/5
f 626/668/5 625/386/5 763/671/5 761/669/5
f 761/669/5 763/671/5 764/387/5 762/667/5
f 625/386/5 131/385/5 425/611/5 763/671/5
f 763/671/5 425/611/5 426/388/5 764/387/5
f 402/344/5 766/672/5 626/668/5 121/345/5
f 766/672/5 768/383/5 625/386/5 626/668/5
f 120/341/5 624/673/5 765/674/5 401/675/5
f 401/675/5 765/674/5 766/672/5 402/344/5
f 624/673/5 623/382/5 767/676/5 765/674/5
f 765/674/5 767/676/5 768/383/5 766/672/5
f 623/382/5 130/381/5 423/616/5 767/676/5
f 767/676/5 423/616/5 424/384/5 768/383/5
f 400/340/5 770/677/5 624/673/5 120/341/5
f 770/677/5 772/379/5 623/382/5 624/673/5
f 119/337/5 622/678/5 769/679/5 399/680/5
f 399/680/5 769/679/5 770/677/5 400/340/5
f 622/678/5 621/378/5 771/681/5 769/679/5
f 769/679/5 771/681/5 772/379/5 770/677/5
f 621/378/5 129/377/5 421/621/5 771/681/5
f 771/681/5 421/621/5 422/380/5 772/379/5
f 398/336/5 774/682/5 622/678/5 119/337/5
f 774/682/5 776/375/5 621/378/5 622/678/5
f 118/333/5 620/683/5 773/684/5 397/685/5
f 397/685/5 773/684/5 774/682/5 398/336/5
f 620/683/5 619/374/5 775/686/5 773/684/5
f 773/684/5 775/686/5 776/375/5 774/682/5
f 619/374/5 128/373/5 419/626/5 775/686/5
f 775/686/5 419/626/5 420/376/5 776/375/5
f 396/332/5 778/687/5 620/683/5 118/333/5
f 778/687/5 780/371/5 619/374/5 620/683/5
f 117/329/5 618/688/5 777/689/5 395/690/5
f 395/690/5 777/689/5 778/687/5 396/332/5
f 618/688/5 617/370/5 779/691/5 777/689/5
f 777/689/5 779/691/5 780/371/5 778/687/5
f 617/370/5 127/369/5 417/631/5 779/691/5
f 779/691/5 417/631/5 418/372/5 780/371/5
f 394/328/5 782/692/5 618/688/5 117/329/5
f 782/692/5 784/367/5 617/370/5 618/688/5
f 116/325/5 616/693/5 781/694/5 393/695/5
f 393/695/5 781/694/5 782/692/5 394/328/5
f 616/693/5 615/366/5 783/696/5 781/694/5
f 781/694/5 783/696/5 784/367/5 782/692/5
f 615/366/5 126/365/5 415/636/5 783/696/5
f 783/696/5 415/636/5 416/368/5 784/367/5
f 392/324/5 786/697/5 616/693/5 116/325/5
f 786/697/5 788/363/5 615/366/5 616/693/5
f 115/321/5 614/698/5 785/699/5 391/700/5
f 391/700/5 785/699/5 786/697/5 392/324/5
f 614/698/5 613/362/5 787/701/5 785/699/5
f 785/699/5 787/701/5 788/363/5 786/697/5
f 613/362/5 125/361/5 413/641/5 787/701/5
f 787/701/5 413/641/5 414/364/5 788/363/5
f 390/320/5 790/702/5 614/698/5 115/321/5
f 790/702/5 792/359/5 613/362/5 614/698/5
f 1081/703/1 1082/704/1 1372/705/1 1373/706/1
f 389/707/5 789/708/5 790/702/5 390/320/5
f 18/709/4 181/648/4 1283/651/4 1192/710/4
f 789/708/5 791/711/5 792/359/5 790/702/5
f 684/712/2 683/713/2 1334/714/2 1333/715/2
f 791/711/5 411/646/5 412/360/5 792/359/5
f 386/316/5 794/716/5 612/717/5 114/317/5
f 794/716/5 796/355/5 611/358/5 612/717/5
f 113/313/5 610/718/5 793/719/5 385/720/5
f 385/720/5 793/719/5 794/716/5 386/316/5
f 610/718/5 609/354/5 795/721/5 793/719/5
f 793/719/5 795/721/5 796/355/5 794/716/5
f 609/354/5 123/353/5 407/660/5 795/721/5
f 795/721/5 407/660/5 408/356/5 796/355/5
f 384/312/5 798/722/5 610/718/5 113/313/5
f 798/722/5 800/351/5 609/354/5 610/718/5
f 112/309/5 608/723/5 797/724/5 383/725/5
f 383/725/5 797/724/5 798/722/5 384/312/5
f 608/723/5 607/350/5 799/726/5 797/724/5
f 797/724/5 799/726/5 800/351/5 798/722/5
f 607/350/5 122/349/5 405/665/5 799/726/5
f 799/726/5 405/665/5 406/352/5 800/351/5
f 382/308/5 802/727/5 608/723/5 112/309/5
f 802/727/5 804/347/5 607/350/5 608/723/5
f 111/305/5 606/728/5 801/729/5 381/730/5
f 381/730/5 801/729/5 802/727/5 382/308/5
f 606/728/5 605/346/5 803/731/5 801/729/5
f 801/729/5 803/731/5 804/347/5 802/727/5
f 605/346/5 121/345/5 403/670/5 803/731/5
f 803/731/5 403/670/5 404/348/5 804/347/5
f 380/304/5 806/732/5 606/728/5 111/305/5
f 806/732/5 808/343/5 605/346/5 606/728/5
f 110/301/5 604/733/5 805/734/5 379/735/5
f 379/735/5 805/734/5 806/732/5 380/304/5
f 604/733/5 603/342/5 807/736/5 805/734/5
f 805/734/5 807/736/5 808/343/5 806/732/5
f 603/342/5 120/341/5 401/675/5 807/736/5
f 807/736/5 401/675/5 402/344/5 808/343/5
f 378/300/5 810/737/5 604/733/5 110/301/5
f 810/737/5 812/339/5 603/342/5 604/733/5
f 109/297/5 602/738/5 809/739/5 377/740/5
f 377/740/5 809/739/5 810/737/5 378/300/5
f 602/738/5 601/338/5 811/741/5 809/739/5
f 809/739/5 811/741/5 812/339/5 810/737/5
f 601/338/5 119/337/5 399/680/5 811/741/5
f 811/741/5 399/680/5 400/340/5 812/339/5
f 376/296/5 814/742/5 602/738/5 109/297/5
f 814/742/5 816/335/5 601/338/5 602/738/5
f 108/293/5 600/743/5 813/744/5 375/745/5
f 375/745/5 813/744/5 814/742/5 376/296/5
f 600/743/5 599/334/5 815/746/5 813/744/5
f 813/744/5 815/746/5 816/335/5 814/742/5
f 599/334/5 118/333/5 397/685/5 815/746/5
f 815/746/5 397/685/5 398/336/5 816/335/5
f 374/292/5 818/747/5 600/743/5 108/293/5
f 818/747/5 820/331/5 599/334/5 600/743/5
f 107/289/5 598/748/5 817/749/5 373/750/5
f 373/750/5 817/749/5 818/747/5 374/292/5
f 598/748/5 597/330/5 819/751/5 817/749/5
f 817/749/5 819/751/5 820/331/5 818/747/5
f 597/330/5 117/329/5 395/690/5 819/751/5
f 819/751/5 395/690/5 396/332/5 820/331/5
f 372/288/5 822/752/5 598/748/5 107/289/5
f 822/752/5 824/327/5 597/330/5 598/748/5
f 106/285/5 596/753/5 821/754/5 371/755/5
f 371/755/5 821/754/5 822/752/5 372/288/5
f 596/753/5 595/326/5 823/756/5 821/754/5
f 821/754/5 823/756/5 824/327/5 822/752/5
f 595/326/5 116/325/5 393/695/5 823/756/5
f 823/756/5 393/695/5 394/328/5 824/327/5
f 370/284/5 826/757/5 596/753/5 106/285/5
f 826/757/5 828/323/5 595/326/5 596/753/5
f 105/281/5 594/758/5 825/759/5 369/760/5
f 369/760/5 825/759/5 826/757/5 370/284/5
f 594/758/5 593/322/5 827/761/5 825/759/5
f 825/759/5 827/761/5 828/323/5 826/757/5
f 593/322/5 115/321/5 391/700/5 827/761/5
f 827/761/5 391/700/5 392/324/5 828/323/5
f 368/280/5 830/762/5 594/758/5 105/281/5
f 830/762/5 832/319/5 593/322/5 594/758/5
f 466/517/1 1081/703/1 1373/706/1 1261/518/1
f 367/763/5 829/764/5 830/762/5 368/280/5
f 1114/765/4 1116/644/4 1390/645/4 1389/766/4
f 829/764/5 831/767/5 832/319/5 830/762/5
f 179/768/4 180/769/4 1191/770/4 1282/771/4
f 831/767/5 389/707/5 390/320/5 832/319/5
f 364/276/5 834/772/5 592/773/5 104/277/5
f 834/772/5 836/315/5 591/318/5 592/773/5
f 103/273/5 590/774/5 833/775/5 363/776/5
f 363/776/5 833/775/5 834/772/5 364/276/5
f 590/774/5 589/314/5 835/777/5 833/775/5
f 833/775/5 835/777/5 836/315/5 834/772/5
f 589/314/5 113/313/5 385/720/5 835/777/5
f 835/777/5 385/720/5 386/316/5 836/315/5
f 362/272/5 838/778/5 590/774/5 103/273/5
f 838/778/5 840/311/5 589/314/5 590/774/5
f 102/269/5 588/779/5 837/780/5 361/781/5
f 361/781/5 837/780/5 838/778/5 362/272/5
f 588/779/5 587/310/5 839/782/5 837/780/5
f 837/780/5 839/782/5 840/311/5 838/778/5
f 587/310/5 112/309/5 383/725/5 839/782/5
f 839/782/5 383/725/5 384/312/5 840/311/5
f 360/268/5 842/783/5 588/779/5 102/269/5
f 842/783/5 844/307/5 587/310/5 588/779/5
f 101/265/5 586/784/5 841/785/5 359/786/5
f 359/786/5 841/785/5 842/783/5 360/268/5
f 586/784/5 585/306/5 843/787/5 841/785/5
f 841/785/5 843/787/5 844/307/5 842/783/5
f 585/306/5 111/305/5 381/730/5 843/787/5
f 843/787/5 381/730/5 382/308/5 844/307/5
f 358/264/5 846/788/5 586/784/5 101/265/5
f 846/788/5 848/303/5 585/306/5 586/784/5
f 100/261/5 584/789/5 845/790/5 357/791/5
f 357/791/5 845/790/5 846/788/5 358/264/5
f 584/789/5 583/302/5 847/792/5 845/790/5
f 845/790/5 847/792/5 848/303/5 846/788/5
f 583/302/5 110/301/5 379/735/5 847/792/5
f 847/792/5 379/735/5 380/304/5 848/303/5
f 356/260/5 850/793/5 584/789/5 100/261/5
f 850/793/5 852/299/5 583/302/5 584/789/5
f 99/257/5 582/794/5 849/795/5 355/796/5
f 355/796/5 849/795/5 850/793/5 356/260/5
f 582/794/5 581/298/5 851/797/5 849/795/5
f 849/795/5 851/797/5 852/299/5 850/793/5
f 581/298/5 109/297/5 377/740/5 851/797/5
f 851/797/5 377/740/5 378/300/5 852/299/5
f 354/256/5 854/798/5 582/794/5 99/257/5
f 854/798/5 856/295/5 581/298/5 582/794/5
f 98/253/5 580/799/5 853/800/5 353/801/5
f 353/801/5 853/800/5 854/798/5 354/256/5
f 580/799/5 579/294/5 855/802/5 853/800/5
f 853/800/5 855/802/5 856/295/5 854/798/5
f 579/294/5 108/293/5 375/745/5 855/802/5
f 855/802/5 375/745/5 376/296/5 856/295/5
f 352/252/5 858/803/5 580/799/5 98/253/5
f 858/803/5 860/291/5 579/294/5 580/799/5
f 97/249/5 578/804/5 857/805/5 351/806/5
f 351/806/5 857/805/5 858/803/5 352/252/5
f 578/804/5 577/290/5 859/807/5 857/805/5
f 857/805/5 859/807/5 860/291/5 858/803/5
f 577/290/5 107/289/5 373/750/5 859/807/5
f 859/807/5 373/750/5 374/292/5 860/291/5
f 350/248/5 862/808/5 578/804/5 97/249/5
f 862/808/5 864/287/5 577/290/5 578/804/5
f 96/245/5 576/809/5 861/810/5 349/811/5
f 349/811/5 861/810/5 862/808/5 350/248/5
f 576/809/5 575/286/5 863/812/5 861/810/5
f 861/810/5 863/812/5 864/287/5 862/808/5
f 575/286/5 106/285/5 371/755/5 863/812/5
f 863/812/5 371/755/5 372/288/5 864/287/5
f 348/244/5 866/813/5 576/809/5 96/245/5
f 866/813/5 868/283/5 575/286/5 576/809/5
f 95/241/5 574/814/5 865/815/5 347/816/5
f 347/816/5 865/815/5 866/813/5 348/244/5
f 574/814/5 573/282/5 867/817/5 865/815/5
f 865/815/5 867/817/5 868/283/5 866/813/5
f 573/282/5 105/281/5 369/760/5 867/817/5
f 867/817/5 369/760/5 370/284/5 868/283/5
f 346/240/5 870/818/5 574/814/5 95/241/5
f 870/818/5 872/279/5 573/282/5 574/814/5
f 683/713/2 665/537/2 1325/538/2 1334/714/2
f 345/819/5 869/820/5 870/818/5 346/240/5
f 751/653/3 749/821/3 1350/822/3 1351/654/3
f 869/820/5 871/823/5 872/279/5 870/818/5
f 1082/704/1 468/824/1 1262/825/1 1372/705/1
f 871/823/5 367/763/5 368/280/5 872/279/5
f 342/236/5 874/826/5 572/827/5 94/237/5
f 874/826/5 876/275/5 571/278/5 572/827/5
f 93/233/5 570/828/5 873/829/5 341/830/5
f 341/830/5 873/829/5 874/826/5 342/236/5
f 570/828/5 569/274/5 875/831/5 873/829/5
f 873/829/5 875/831/5 876/275/5 874/826/5
f 569/274/5 103/273/5 363/776/5 875/831/5
f 875/831/5 363/776/5 364/276/5 876/275/5
f 340/232/5 878/832/5 570/828/5 93/233/5
f 878/832/5 880/271/5 569/274/5 570/828/5
f 92/229/5 568/833/5 877/834/5 339/835/5
f 339/835/5 877/834/5 878/832/5 340/232/5
f 568/833/5 567/270/5 879/836/5 877/834/5
f 877/834/5 879/836/5 880/271/5 878/832/5
f 567/270/5 102/269/5 361/781/5 879/836/5
f 879/836/5 361/781/5 362/272/5 880/271/5
f 338/228/5 882/837/5 568/833/5 92/229/5
f 882/837/5 884/267/5 567/270/5 568/833/5
f 91/225/5 566/838/5 881/839/5 337/840/5
f 337/840/5 881/839/5 882/837/5 338/228/5
f 566/838/5 565/266/5 883/841/5 881/839/5
f 881/839/5 883/841/5 884/267/5 882/837/5
f 565/266/5 101/265/5 359/786/5 883/841/5
f 883/841/5 359/786/5 360/268/5 884/267/5
f 336/224/5 886/842/5 566/838/5 91/225/5
f 886/842/5 888/263/5 565/266/5 566/838/5
f 90/221/5 564/843/5 885/844/5 335/845/5
f 335/845/5 885/844/5 886/842/5 336/224/5
f 564/843/5 563/262/5 887/846/5 885/844/5
f 885/844/5 887/846/5 888/263/5 886/842/5
f 563/262/5 100/261/5 357/791/5 887/846/5
f 887/846/5 357/791/5 358/264/5 888/263/5
f 334/220/5 890/847/5 564/843/5 90/221/5
f 890/847/5 892/259/5 563/262/5 564/843/5
f 89/217/5 562/848/5 889/849/5 333/850/5
f 333/850/5 889/849/5 890/847/5 334/220/5
f 562/848/5 561/258/5 891/851/5 889/849/5
f 889/849/5 891/851/5 892/259/5 890/847/5
f 561/258/5 99/257/5 355/796/5 891/851/5
f 891/851/5 355/796/5 356/260/5 892/259/5
f 332/216/5 894/852/5 562/848/5 89/217/5
f 894/852/5 896/255/5 561/258/5 562/848/5
f 88/213/5 560/853/5 893/854/5 331/855/5
f 331/855/5 893/854/5 894/852/5 332/216/5
f 560/853/5 559/254/5 895/856/5 893/854/5
f 893/854/5 895/856/5 896/255/5 894/852/5
f 559/254/5 98/253/5 353/801/5 895/856/5
f 895/856/5 353/801/5 354/256/5 896/255/5
f 330/212/5 898/857/5 560/853/5 88/213/5
f 898/857/5 900/251/5 559/254/5 560/853/5
f 87/209/5 558/858/5 897/859/5 329/860/5
f 329/860/5 897/859/5 898/857/5 330/212/5
f 558/858/5 557/250/5 899/861/5 897/859/5
f 897/859/5 899/861/5 900/251/5 898/857/5
f 557/250/5 97/249/5 351/806/5 899/861/5
f 899/861/5 351/806/5 352/252/5 900/251/5
f 328/208/5 902/862/5 558/858/5 87/209/5
f 902/862/5 904/247/5 557/250/5 558/858/5
f 86/205/5 556/863/5 901/864/5 327/865/5
f 327/865/5 901/864/5 902/862/5 328/208/5
f 556/863/5 555/246/5 903/866/5 901/864/5
f 901/864/5 903/866/5 904/247/5 902/862/5
f 555/246/5 96/245/5 349/811/5 903/866/5
f 903/866/5 349/811/5 350/248/5 904/247/5
f 326/204/5 906/867/5 556/863/5 86/205/5
f 906/867/5 908/243/5 555/246/5 556/863/5
f 85/201/5 554/868/5 905/869/5 325/870/5
f 325/870/5 905/869/5 906/867/5 326/204/5
f 554/868/5 553/242/5 907/871/5 905/869/5
f 905/869/5 907/871/5 908/243/5 906/867/5
f 553/242/5 95/241/5 347/816/5 907/871/5
f 907/871/5 347/816/5 348/244/5 908/243/5
f 324/200/5 910/872/5 554/868/5 85/201/5
f 910/872/5 912/239/5 553/242/5 554/868/5
f 17/873/4 179/768/4 1282/771/4 1190/874/4
f 323/875/5 909/876/5 910/872/5 324/200/5
f 667/877/2 684/712/2 1333/715/2 1326/878/2
f 909/876/5 911/879/5 912/239/5 910/872/5
f 410/451/4 1114/765/4 1389/766/4 1253/452/4
f 911/879/5 345/819/5 346/240/5 912/239/5
f 320/196/5 914/880/5 552/881/5 84/197/5
f 914/880/5 916/235/5 551/238/5 552/881/5
f 83/193/5 550/882/5 913/883/5 319/884/5
f 319/884/5 913/883/5 914/880/5 320/196/5
f 550/882/5 549/234/5 915/885/5 913/883/5
f 913/883/5 915/885/5 916/235/5 914/880/5
f 549/234/5 93/233/5 341/830/5 915/885/5
f 915/885/5 341/830/5 342/236/5 916/235/5
f 318/192/5 918/886/5 550/882/5 83/193/5
f 918/886/5 920/231/5 549/234/5 550/882/5
f 82/189/5 548/887/5 917/888/5 317/889/5
f 317/889/5 917/888/5 918/886/5 318/192/5
f 548/887/5 547/230/5 919/890/5 917/888/5
f 917/888/5 919/890/5 920/231/5 918/886/5
f 547/230/5 92/229/5 339/835/5 919/890/5
f 919/890/5 339/835/5 340/232/5 920/231/5
f 316/188/5 922/891/5 548/887/5 82/189/5
f 922/891/5 924/227/5 547/230/5 548/887/5
f 81/185/5 546/892/5 921/893/5 315/894/5
f 315/894/5 921/893/5 922/891/5 316/188/5
f 546/892/5 545/226/5 923/895/5 921/893/5
f 921/893/5 923/895/5 924/227/5 922/891/5
f 545/226/5 91/225/5 337/840/5 923/895/5
f 923/895/5 337/840/5 338/228/5 924/227/5
f 314/184/5 926/896/5 546/892/5 81/185/5
f 926/896/5 928/223/5 545/226/5 546/892/5
f 80/181/5 544/897/5 925/898/5 313/899/5
f 313/899/5 925/898/5 926/896/5 314/184/5
f 544/897/5 543/222/5 927/900/5 925/898/5
f 925/898/5 927/900/5 928/223/5 926/896/5
f 543/222/5 90/221/5 335/845/5 927/900/5
f 927/900/5 335/845/5 336/224/5 928/223/5
f 312/180/5 930/901/5 544/897/5 80/181/5
f 930/901/5 932/219/5 543/222/5 544/897/5
f 79/177/5 542/902/5 929/903/5 311/904/5
f 311/904/5 929/903/5 930/901/5 312/180/5
f 542/902/5 541/218/5 931/905/5 929/903/5
f 929/903/5 931/905/5 932/219/5 930/901/5
f 541/218/5 89/217/5 333/850/5 931/905/5
f 931/905/5 333/850/5 334/220/5 932/219/5
f 310/176/5 934/906/5 542/902/5 79/177/5
f 934/906/5 936/215/5 541/218/5 542/902/5
f 78/173/5 540/907/5 933/908/5 309/909/5
f 309/909/5 933/908/5 934/906/5 310/176/5
f 540/907/5 539/214/5 935/910/5 933/908/5
f 933/908/5 935/910/5 936/215/5 934/906/5
f 539/214/5 88/213/5 331/855/5 935/910/5
f 935/910/5 331/855/5 332/216/5 936/215/5
f 308/172/5 938/911/5 540/907/5 78/173/5
f 938/911/5 940/211/5 539/214/5 540/907/5
f 77/169/5 538/912/5 937/913/5 307/914/5
f 307/914/5 937/913/5 938/911/5 308/172/5
f 538/912/5 537/210/5 939/915/5 937/913/5
f 937/913/5 939/915/5 940/211/5 938/911/5
f 537/210/5 87/209/5 329/860/5 939/915/5
f 939/915/5 329/860/5 330/212/5 940/211/5
f 306/168/5 942/916/5 538/912/5 77/169/5
f 942/916/5 944/207/5 537/210/5 538/912/5
f 76/165/5 536/917/5 941/918/5 305/919/5
f 305/919/5 941/918/5 942/916/5 306/168/5
f 536/917/5 535/206/5 943/920/5 941/918/5
f 941/918/5 943/920/5 944/207/5 942/916/5
f 535/206/5 86/205/5 327/865/5 943/920/5
f 943/920/5 327/865/5 328/208/5 944/207/5
f 304/164/5 946/921/5 536/917/5 76/165/5
f 946/921/5 948/203/5 535/206/5 536/917/5
f 75/161/5 534/922/5 945/923/5 303/924/5
f 303/924/5 945/923/5 946/921/5 304/164/5
f 534/922/5 533/202/5 947/925/5 945/923/5
f 945/923/5 947/925/5 948/203/5 946/921/5
f 533/202/5 85/201/5 325/870/5 947/925/5
f 947/925/5 325/870/5 326/204/5 948/203/5
f 302/160/5 950/926/5 534/922/5 75/161/5
f 950/926/5 952/199/5 533/202/5 534/922/5
f 177/927/4 178/928/4 1189/929/4 1281/930/4
f 301/931/5 949/932/5 950/926/5 302/160/5
f 749/821/3 411/23/3 1317/26/3 1350/822/3
f 949/932/5 951/933/5 952/199/5 950/926/5
f 1149/934/1 1150/935/1 1407/936/1 1408/937/1
f 951/933/5 323/875/5 324/200/5 952/199/5
f 298/156/5 954/938/5 532/939/5 74/157/5
f 954/938/5 956/195/5 531/198/5 532/939/5
f 73/153/5 530/940/5 953/941/5 297/942/5
f 297/942/5 953/941/5 954/938/5 298/156/5
f 530/940/5 529/194/5 955/943/5 953/941/5
f 953/941/5 955/943/5 956/195/5 954/938/5
f 529/194/5 83/193/5 319/884/5 955/943/5
f 955/943/5 319/884/5 320/196/5 956/195/5
f 296/152/5 958/944/5 530/940/5 73/153/5
f 958/944/5 960/191/5 529/194/5 530/940/5
f 72/149/5 528/945/5 957/946/5 295/947/5
f 295/947/5 957/946/5 958/944/5 296/152/5
f 528/945/5 527/190/5 959/948/5 957/946/5
f 957/946/5 959/948/5 960/191/5 958/944/5
f 527/190/5 82/189/5 317/889/5 959/948/5
f 959/948/5 317/889/5 318/192/5 960/191/5
f 294/148/5 962/949/5 528/945/5 72/149/5
f 962/949/5 964/187/5 527/190/5 528/945/5
f 71/145/5 526/950/5 961/951/5 293/952/5
f 293/952/5 961/951/5 962/949/5 294/148/5
f 526/950/5 525/186/5 963/953/5 961/951/5
f 961/951/5 963/953/5 964/187/5 962/949/5
f 525/186/5 81/185/5 315/894/5 963/953/5
f 963/953/5 315/894/5 316/188/5 964/187/5
f 292/144/5 966/954/5 526/950/5 71/145/5
f 966/954/5 968/183/5 525/186/5 526/950/5
f 70/141/5 524/955/5 965/956/5 291/957/5
f 291/957/5 965/956/5 966/954/5 292/144/5
f 524/955/5 523/182/5 967/958/5 965/956/5
f 965/956/5 967/958/5 968/183/5 966/954/5
f 523/182/5 80/181/5 313/899/5 967/958/5
f 967/958/5 313/899/5 314/184/5 968/183/5
f 290/140/5 970/959/5 524/955/5 70/141/5
f 970/959/5 972/179/5 523/182/5 524/955/5
f 69/137/5 522/960/5 969/961/5 289/962/5
f 289/962/5 969/961/5 970/959/5 290/140/5
f 522/960/5 521/178/5 971/963/5 969/961/5
f 969/961/5 971/963/5 972/179/5 970/959/5
f 521/178/5 79/177/5 311/904/5 971/963/5
f 971/963/5 311/904/5 312/180/5 972/179/5
f 288/136/5 974/964/5 522/960/5 69/137/5
f 974/964/5 976/175/5 521/178/5 522/960/5
f 68/133/5 520/965/5 973/966/5 287/967/5
f 287/967/5 973/966/5 974/964/5 288/136/5
f 520/965/5 519/174/5 975/968/5 973/966/5
f 973/966/5 975/968/5 976/175/5 974/964/5
f 519/174/5 78/173/5 309/909/5 975/968/5
f 975/968/5 309/909/5 310/176/5 976/175/5
f 286/132/5 978/969/5 520/965/5 68/133/5
f 978/969/5 980/171/5 519/174/5 520/965/5
f 67/129/5 518/970/5 977/971/5 285/972/5
f 285/972/5 977/971/5 978/969/5 286/132/5
f 518/970/5 517/170/5 979/973/5 977/971/5
f 977/971/5 979/973/5 980/171/5 978/969/5
f 517/170/5 77/169/5 307/914/5 979/973/5
f 979/973/5 307/914/5 308/172/5 980/171/5
f 284/128/5 982/974/5 518/970/5 67/129/5
f 982/974/5 984/167/5 517/170/5 518/970/5
f 66/125/5 516/975/5 981/976/5 283/977/5
f 283/977/5 981/976/5 982/974/5 284/128/5
f 516/975/5 515/166/5 983/978/5 981/976/5
f 981/976/5 983/978/5 984/167/5 982/974/5
f 515/166/5 76/165/5 305/919/5 983/978/5
f 983/978/5 305/919/5 306/168/5 984/167/5
f 282/124/5 986/979/5 516/975/5 66/125/5
f 986/979/5 988/163/5 515/166/5 516/975/5
f 65/121/5 514/980/5 985/981/5 281/982/5
f 281/982/5 985/981/5 986/979/5 282/124/5
f 514/980/5 513/162/5 987/983/5 985/981/5
f 985/981/5 987/983/5 988/163/5 986/979/5
f 513/162/5 75/161/5 303/924/5 987/983/5
f 987/983/5 303/924/5 304/164/5 988/163/5
f 280/120/5 990/984/5 514/980/5 65/121/5
f 990/984/5 992/159/5 513/162/5 514/980/5
f 16/985/4 177/927/4 1281/930/4 1188/986/4
f 279/987/5 989/988/5 990/984/5 280/120/5
f 472/989/1 1149/934/1 1408/937/1 1264/990/1
f 989/988/5 991/991/5 992/159/5 990/984/5
f 175/992/4 176/993/4 1187/994/4 1280/995/4
f 991/991/5 301/931/5 302/160/5 992/159/5
f 276/116/5 994/996/5 512/997/5 64/117/5
f 994/996/5 996/155/5 511/158/5 512/997/5
f 63/113/5 510/998/5 993/999/5 275/1000/5
f 275/1000/5 993/999/5 994/996/5 276/116/5
f 510/998/5 509/154/5 995/1001/5 993/999/5
f 993/999/5 995/1001/5 996/155/5 994/996/5
f 509/154/5 73/153/5 297/942/5 995/1001/5
f 995/1001/5 297/942/5 298/156/5 996/155/5
f 274/112/5 998/1002/5 510/998/5 63/113/5
f 998/1002/5 1000/151/5 509/154/5 510/998/5
f 62/109/5 508/1003/5 997/1004/5 273/1005/5
f 273/1005/5 997/1004/5 998/1002/5 274/112/5
f 508/1003/5 507/150/5 999/1006/5 997/1004/5
f 997/1004/5 999/1006/5 1000/151/5 998/1002/5
f 507/150/5 72/149/5 295/947/5 999/1006/5
f 999/1006/5 295/947/5 296/152/5 1000/151/5
f 272/108/5 1002/1007/5 508/1003/5 62/109/5
f 1002/1007/5 1004/147/5 507/150/5 508/1003/5
f 61/105/5 506/1008/5 1001/1009/5 271/1010/5
f 271/1010/5 1001/1009/5 1002/1007/5 272/108/5
f 506/1008/5 505/146/5 1003/1011/5 1001/1009/5
f 1001/1009/5 1003/1011/5 1004/147/5 1002/1007/5
f 505/146/5 71/145/5 293/952/5 1003/1011/5
f 1003/1011/5 293/952/5 294/148/5 1004/147/5
f 270/104/5 1006/1012/5 506/1008/5 61/105/5
f 1006/1012/5 1008/143/5 505/146/5 506/1008/5
f 60/101/5 504/1013/5 1005/1014/5 269/1015/5
f 269/1015/5 1005/1014/5 1006/1012/5 270/104/5
f 504/1013/5 503/142/5 1007/1016/5 1005/1014/5
f 1005/1014/5 1007/1016/5 1008/143/5 1006/1012/5
f 503/142/5 70/141/5 291/957/5 1007/1016/5
f 1007/1016/5 291/957/5 292/144/5 1008/143/5
f 268/100/5 1010/1017/5 504/1013/5 60/101/5
f 1010/1017/5 1012/139/5 503/142/5 504/1013/5
f 59/97/5 502/1018/5 1009/1019/5 267/1020/5
f 267/1020/5 1009/1019/5 1010/1017/5 268/100/5
f 502/1018/5 501/138/5 1011/1021/5 1009/1019/5
f 1009/1019/5 1011/1021/5 1012/139/5 1010/1017/5
f 501/138/5 69/137/5 289/962/5 1011/1021/5
f 1011/1021/5 289/962/5 290/140/5 1012/139/5
f 266/96/5 1014/1022/5 502/1018/5 59/97/5
f 1014/1022/5 1016/135/5 501/138/5 502/1018/5
f 58/93/5 500/1023/5 1013/1024/5 265/1025/5
f 265/1025/5 1013/1024/5 1014/1022/5 266/96/5
f 500/1023/5 499/134/5 1015/1026/5 1013/1024/5
f 1013/1024/5 1015/1026/5 1016/135/5 1014/1022/5
f 499/134/5 68/133/5 287/967/5 1015/1026/5
f 1015/1026/5 287/967/5 288/136/5 1016/135/5
f 264/92/5 1018/1027/5 500/1023/5 58/93/5
f 1018/1027/5 1020/131/5 499/134/5 500/1023/5
f 57/89/5 498/1028/5 1017/1029/5 263/1030/5
f 263/1030/5 1017/1029/5 1018/1027/5 264/92/5
f 498/1028/5 497/130/5 1019/1031/5 1017/1029/5
f 1017/1029/5 1019/1031/5 1020/131/5 1018/1027/5
f 497/130/5 67/129/5 285/972/5 1019/1031/5
f 1019/1031/5 285/972/5 286/132/5 1020/131/5
f 262/88/5 1022/1032/5 498/1028/5 57/89/5
f 1022/1032/5 1024/127/5 497/130/5 498/1028/5
f 56/85/5 496/1033/5 1021/1034/5 261/1035/5
f 261/1035/5 1021/1034/5 1022/1032/5 262/88/5
f 496/1033/5 495/126/5 1023/1036/5 1021/1034/5
f 1021/1034/5 1023/1036/5 1024/127/5 1022/1032/5
f 495/126/5 66/125/5 283/977/5 1023/1036/5
f 1023/1036/5 283/977/5 284/128/5 1024/127/5
f 260/84/5 1026/1037/5 496/1033/5 56/85/5
f 1026/1037/5 1028/123/5 495/126/5 496/1033/5
f 55/81/5 494/1038/5 1025/1039/5 259/1040/5
f 259/1040/5 1025/1039/5 1026/1037/5 260/84/5
f 494/1038/5 493/122/5 1027/1041/5 1025/1039/5
f 1025/1039/5 1027/1041/5 1028/123/5 1026/1037/5
f 493/122/5 65/121/5 281/982/5 1027/1041/5
f 1027/1041/5 281/982/5 282/124/5 1028/123/5
f 258/80/5 1030/1042/5 494/1038/5 55/81/5
f 1030/1042/5 1032/119/5 493/122/5 494/1038/5
f 15/1043/4 175/992/4 1280/995/4 1186/1044/4
f 257/1045/5 1029/1046/5 1030/1042/5 258/80/5
f 1148/1047/4 256/1048/4 1246/23/4 1406/821/4
f 1029/1046/5 1031/1049/5 1032/119/5 1030/1042/5
f 173/1050/4 174/1051/4 1185/1052/4 1279/1053/4
f 1031/1049/5 279/987/5 280/120/5 1032/119/5
f 254/76/5 1034/1054/5 492/1055/5 54/77/5
f 1034/1054/5 1036/115/5 491/118/5 492/1055/5
f 53/73/5 490/1056/5 1033/1057/5 253/1058/5
f 253/1058/5 1033/1057/5 1034/1054/5 254/76/5
f 490/1056/5 489/114/5 1035/1059/5 1033/1057/5
f 1033/1057/5 1035/1059/5 1036/115/5 1034/1054/5
f 489/114/5 63/113/5 275/1000/5 1035/1059/5
f 1035/1059/5 275/1000/5 276/116/5 1036/115/5
f 252/72/5 1038/1060/5 490/1056/5 53/73/5
f 1038/1060/5 1040/111/5 489/114/5 490/1056/5
f 52/69/5 488/1061/5 1037/1062/5 251/1063/5
f 251/1063/5 1037/1062/5 1038/1060/5 252/72/5
f 488/1061/5 487/110/5 1039/1064/5 1037/1062/5
f 1037/1062/5 1039/1064/5 1040/111/5 1038/1060/5
f 487/110/5 62/109/5 273/1005/5 1039/1064/5
f 1039/1064/5 273/1005/5 274/112/5 1040/111/5
f 250/68/5 1042/1065/5 488/1061/5 52/69/5
f 1042/1065/5 1044/107/5 487/110/5 488/1061/5
f 51/65/5 486/1066/5 1041/1067/5 249/1068/5
f 249/1068/5 1041/1067/5 1042/1065/5 250/68/5
f 486/1066/5 485/106/5 1043/1069/5 1041/1067/5
f 1041/1067/5 1043/1069/5 1044/107/5 1042/1065/5
f 485/106/5 61/105/5 271/1010/5 1043/1069/5
f 1043/1069/5 271/1010/5 272/108/5 1044/107/5
f 248/64/5 1046/1070/5 486/1066/5 51/65/5
f 1046/1070/5 1048/103/5 485/106/5 486/1066/5
f 50/61/5 484/1071/5 1045/1072/5 247/1073/5
f 247/1073/5 1045/1072/5 1046/1070/5 248/64/5
f 484/1071/5 483/102/5 1047/1074/5 1045/1072/5
f 1045/1072/5 1047/1074/5 1048/103/5 1046/1070/5
f 483/102/5 60/101/5 269/1015/5 1047/1074/5
f 1047/1074/5 269/1015/5 270/104/5 1048/103/5
f 246/60/5 1050/1075/5 484/1071/5 50/61/5
f 1050/1075/5 1052/99/5 483/102/5 484/1071/5
f 49/57/5 482/1076/5 1049/1077/5 245/1078/5
f 245/1078/5 1049/1077/5 1050/1075/5 246/60/5
f 482/1076/5 481/98/5 1051/1079/5 1049/1077/5
f 1049/1077/5 1051/1079/5 1052/99/5 1050/1075/5
f 481/98/5 59/97/5 267/1020/5 1051/1079/5
f 1051/1079/5 267/1020/5 268/100/5 1052/99/5
f 244/56/5 1054/1080/5 482/1076/5 49/57/5
f 1054/1080/5 1056/95/5 481/98/5 482/1076/5
f 48/53/5 480/1081/5 1053/1082/5 243/1083/5
f 243/1083/5 1053/1082/5 1054/1080/5 244/56/5
f 480/1081/5 479/94/5 1055/1084/5 1053/1082/5
f 1053/1082/5 1055/1084/5 1056/95/5 1054/1080/5
f 479/94/5 58/93/5 265/1025/5 1055/1084/5
f 1055/1084/5 265/1025/5 266/96/5 1056/95/5
f 242/52/5 1058/1085/5 480/1081/5 48/53/5
f 1058/1085/5 1060/91/5 479/94/5 480/1081/5
f 47/49/5 478/1086/5 1057/1087/5 241/1088/5
f 241/1088/5 1057/1087/5 1058/1085/5 242/52/5
f 478/1086/5 477/90/5 1059/1089/5 1057/1087/5
f 1057/1087/5 1059/1089/5 1060/91/5 1058/1085/5
f 477/90/5 57/89/5 263/1030/5 1059/1089/5
f 1059/1089/5 263/1030/5 264/92/5 1060/91/5
f 240/48/5 1062/1090/5 478/1086/5 47/49/5
f 1062/1090/5 1064/87/5 477/90/5 478/1086/5
f 46/45/5 476/1091/5 1061/1092/5 239/1093/5
f 239/1093/5 1061/1092/5 1062/1090/5 240/48/5
f 476/1091/5 475/86/5 1063/1094/5 1061/1092/5
f 1061/1092/5 1063/1094/5 1064/87/5 1062/1090/5
f 475/86/5 56/85/5 261/1035/5 1063/1094/5
f 1063/1094/5 261/1035/5 262/88/5 1064/87/5
f 238/44/5 1066/1095/5 476/1091/5 46/45/5
f 1066/1095/5 1068/83/5 475/86/5 476/1091/5
f 45/41/5 474/1096/5 1065/1097/5 237/1098/5
f 237/1098/5 1065/1097/5 1066/1095/5 238/44/5
f 474/1096/5 473/82/5 1067/1099/5 1065/1097/5
f 1065/1097/5 1067/1099/5 1068/83/5 1066/1095/5
f 473/82/5 55/81/5 259/1040/5 1067/1099/5
f 1067/1099/5 259/1040/5 260/84/5 1068/83/5
f 236/40/5 1070/1100/5 474/1096/5 45/41/5
f 1070/1100/5 1072/79/5 473/82/5 474/1096/5
f 1/1101/4 173/1050/4 1279/1053/4 1158/1102/4
f 235/1103/5 1069/1104/5 1070/1100/5 236/40/5
f 1146/1105/4 1148/1047/4 1406/821/4 1405/653/4
f 1069/1104/5 1071/1106/5 1072/79/5 1070/1100/5
f 171/1107/2 172/1108/2 1183/1109/2 1278/1110/2
f 1071/1106/5 257/1045/5 258/80/5 1072/79/5
f 13/1111/2 171/1107/2 1278/1110/2 1182/1112/2
f 1074/1113/5 1076/75/5 471/78/5 472/1114/5
f 234/575/4 1146/1105/4 1405/653/4 1245/576/4
f 169/1115/2 170/1116/2 1181/1117/2 1277/1118/2
f 470/1119/5 469/74/5 1075/1120/5 1073/1121/5
f 1073/1121/5 1075/1120/5 1076/75/5 1074/1113/5
f 469/74/5 53/73/5 253/1058/5 1075/1120/5
f 1075/1120/5 253/1058/5 254/76/5 1076/75/5
f 1077/1122/1 1078/1123/1 1370/1124/1 1371/1125/1
f 1078/1126/5 1080/71/5 469/74/5 470/1119/5
f 235/455/3 1111/35/3 1388/1127/3 1309/1128/3
f 12/1129/2 169/1115/2 1277/1118/2 1180/1130/2
f 468/1131/5 467/70/5 1079/1132/5 1077/1133/5
f 1077/1133/5 1079/1132/5 1080/71/5 1078/1126/5
f 467/70/5 52/69/5 251/1063/5 1079/1132/5
f 1079/1132/5 251/1063/5 252/72/5 1080/71/5
f 680/1134/2 679/1135/2 1332/1136/2 1331/1137/2
f 1082/1138/5 1084/67/5 467/70/5 468/1131/5
f 468/824/1 1077/1122/1 1371/1125/1 1262/825/1
f 167/1139/2 168/1140/2 1179/1141/2 1276/1142/2
f 466/1143/5 465/66/5 1083/1144/5 1081/1145/5
f 1081/1145/5 1083/1144/5 1084/67/5 1082/1138/5
f 465/66/5 51/65/5 249/1068/5 1083/1144/5
f 1083/1144/5 249/1068/5 250/68/5 1084/67/5
f 679/1135/2 667/877/2 1326/878/2 1332/1136/2
f 1086/1146/5 1088/63/5 465/66/5 466/1143/5
f 1078/1123/1 470/1147/1 1263/1148/1 1370/1124/1
f 1111/35/3 1109/34/3 1387/1149/3 1388/1127/3
f 464/1150/5 463/62/5 1087/1151/5 1085/1152/5
f 1085/1152/5 1087/1151/5 1088/63/5 1086/1146/5
f 463/62/5 50/61/5 247/1073/5 1087/1151/5
f 1087/1151/5 247/1073/5 248/64/5 1088/63/5
f 11/1153/2 167/1139/2 1276/1142/2 1178/1154/2
f 1090/1155/5 1092/59/5 463/62/5 464/1150/5
f 669/1156/2 680/1134/2 1331/1137/2 1327/1157/2
f 165/1158/2 166/1159/2 1177/1160/2 1275/1161/2
f 462/1162/5 461/58/5 1091/1163/5 1089/1164/5
f 1089/1164/5 1091/1163/5 1092/59/5 1090/1155/5
f 461/58/5 49/57/5 245/1078/5 1091/1163/5
f 1091/1163/5 245/1078/5 246/60/5 1092/59/5
f 10/1165/2 165/1158/2 1275/1161/2 1176/1166/2
f 1094/1167/5 1096/55/5 461/58/5 462/1162/5
f 163/1168/2 164/1169/2 1175/1170/2 1274/1171/2
f 711/589/3 709/577/3 1347/1172/3 1349/1173/3
f 460/1174/5 459/54/5 1095/1175/5 1093/1176/5
f 1093/1176/5 1095/1175/5 1096/55/5 1094/1167/5
f 459/54/5 48/53/5 243/1083/5 1095/1175/5
f 1095/1175/5 243/1083/5 244/56/5 1096/55/5
f 9/1177/2 163/1168/2 1274/1171/2 1174/1178/2
f 1098/1179/5 1100/51/5 459/54/5 460/1174/5
f 1144/1180/4 278/1181/4 1247/1182/4 1404/443/4
f 161/1183/2 162/1184/2 1173/1185/2 1273/1186/2
f 458/1187/5 457/50/5 1099/1188/5 1097/1189/5
f 1097/1189/5 1099/1188/5 1100/51/5 1098/1179/5
f 457/50/5 47/49/5 241/1088/5 1099/1188/5
f 1099/1188/5 241/1088/5 242/52/5 1100/51/5
f 709/577/3 433/576/3 1318/655/3 1347/1172/3
f 1102/1190/5 1104/47/5 457/50/5 458/1187/5
f 1109/1191/1 1110/1192/1 1386/1193/1 1387/1194/1
f 8/1195/2 161/1183/2 1273/1186/2 1172/1196/2
f 456/1197/5 455/46/5 1103/1198/5 1101/1199/5
f 1101/1199/5 1103/1198/5 1104/47/5 1102/1190/5
f 455/46/5 46/45/5 239/1093/5 1103/1198/5
f 1103/1198/5 239/1093/5 240/48/5 1104/47/5
f 712/1200/2 711/1201/2 1349/1202/2 1348/1203/2
f 1106/1204/5 1108/43/5 455/46/5 456/1197/5
f 1142/1205/4 1144/1180/4 1404/443/4 1403/24/4
f 159/1206/2 160/1207/2 1171/1208/2 1272/1209/2
f 454/1210/5 453/42/5 1107/1211/5 1105/1212/5
f 1105/1212/5 1107/1211/5 1108/43/5 1106/1204/5
f 453/42/5 45/41/5 237/1098/5 1107/1211/5
f 1107/1211/5 237/1098/5 238/44/5 1108/43/5
f 1110/1192/1 454/1213/1 1255/1214/1 1386/1193/1
f 1110/1215/5 1112/39/5 453/42/5 454/1210/5
f 7/6/2 159/1206/2 1272/1209/2 1170/7/2
f 653/1216/2 712/1200/2 1348/1203/2 1319/1217/2
f 256/1048/4 1142/1205/4 1403/24/4 1246/23/4
f 1109/1218/5 1111/1219/5 1112/39/5 1110/1215/5
f 157/18/2 158/5/2 1169/8/2 1271/1220/2
f 1111/1219/5 235/1103/5 236/40/5 1112/39/5
f 1073/1221/1 1074/1222/1 1368/1223/1 1369/1224/1
f 676/1225/2 675/1226/2 1330/1227/2 1329/1228/2
f 134/397/5 652/598/5 1113/1229/5 409/1230/5
f 409/1230/5 1113/1229/5 1114/1231/5 410/1232/5
f 652/598/5 651/438/5 1115/1233/5 1113/1229/5
f 1113/1229/5 1115/1233/5 1116/1234/5 1114/1231/5
f 651/438/5 144/437/5 431/1235/5 1115/1233/5
f 1115/1233/5 431/1235/5 432/1236/5 1116/1234/5
f 6/12/2 157/18/2 1271/1220/2 1168/13/2
f 470/1147/1 1073/1221/1 1369/1224/1 1263/1148/1
f 124/357/5 632/657/5 1117/1237/5 387/1238/5
f 387/1238/5 1117/1237/5 1118/1239/5 388/1240/5
f 632/657/5 631/398/5 1119/1241/5 1117/1237/5
f 1117/1237/5 1119/1241/5 1120/1242/5 1118/1239/5
f 631/398/5 134/397/5 409/1230/5 1119/1241/5
f 1119/1241/5 409/1230/5 410/1232/5 1120/1242/5
f 323/1243/3 951/1244/3 1361/1245/3 1313/1246/3
f 675/1226/2 669/1156/2 1327/1157/2 1330/1227/2
f 114/317/5 612/717/5 1121/1247/5 365/1248/5
f 365/1248/5 1121/1247/5 1122/1249/5 366/1250/5
f 612/717/5 611/358/5 1123/1251/5 1121/1247/5
f 1121/1247/5 1123/1251/5 1124/1252/5 1122/1249/5
f 611/358/5 124/357/5 387/1238/5 1123/1251/5
f 1123/1251/5 387/1238/5 388/1240/5 1124/1252/5
f 155/38/2 156/11/2 1167/14/2 1270/1253/2
f 1074/1222/1 472/989/1 1264/990/1 1368/1223/1
f 104/277/5 592/773/5 1125/1254/5 343/1255/5
f 343/1255/5 1125/1254/5 1126/1256/5 344/1257/5
f 592/773/5 591/318/5 1127/1258/5 1125/1254/5
f 1125/1254/5 1127/1258/5 1128/1259/5 1126/1256/5
f 591/318/5 114/317/5 365/1248/5 1127/1258/5
f 1127/1258/5 365/1248/5 366/1250/5 1128/1259/5
f 671/526/2 676/1225/2 1329/1228/2 1328/527/2
f 5/20/2 155/38/2 1270/1253/2 1166/21/2
f 94/237/5 572/827/5 1129/1260/5 321/1261/5
f 321/1261/5 1129/1260/5 1130/1262/5 322/1263/5
f 572/827/5 571/278/5 1131/1264/5 1129/1260/5
f 1129/1260/5 1131/1264/5 1132/1265/5 1130/1262/5
f 571/278/5 104/277/5 343/1255/5 1131/1264/5
f 1131/1264/5 343/1255/5 344/1257/5 1132/1265/5
f 951/1244/3 949/1266/3 1360/1267/3 1361/1245/3
f 153/458/2 154/19/2 1165/22/2 1269/1268/2
f 84/197/5 552/881/5 1133/1269/5 299/1270/5
f 299/1270/5 1133/1269/5 1134/1271/5 300/1272/5
f 552/881/5 551/238/5 1135/1273/5 1133/1269/5
f 1133/1269/5 1135/1273/5 1136/1274/5 1134/1271/5
f 551/238/5 94/237/5 321/1261/5 1135/1273/5
f 1135/1273/5 321/1261/5 322/1263/5 1136/1274/5
f 257/452/3 1071/766/3 1367/1275/3 1310/1276/3
f 3/477/2 153/458/2 1269/1268/2 1164/1277/2
f 74/157/5 532/939/5 1137/1278/5 277/1279/5
f 277/1279/5 1137/1278/5 1138/1280/5 278/1281/5
f 532/939/5 531/198/5 1139/1282/5 1137/1278/5
f 1137/1278/5 1139/1282/5 1140/1283/5 1138/1280/5
f 531/198/5 84/197/5 299/1270/5 1139/1282/5
f 1139/1282/5 299/1270/5 300/1272/5 1140/1283/5
f 949/1266/3 301/1284/3 1312/1285/3 1360/1267/3
f 151/1286/3 152/28/3 1163/31/3 1268/1287/3
f 64/117/5 512/997/5 1141/1288/5 255/1289/5
f 255/1289/5 1141/1288/5 1142/1290/5 256/1291/5
f 512/997/5 511/158/5 1143/1292/5 1141/1288/5
f 1141/1288/5 1143/1292/5 1144/1293/5 1142/1290/5
f 511/158/5 74/157/5 277/1279/5 1143/1292/5
f 1143/1292/5 277/1279/5 278/1281/5 1144/1293/5
f 1071/766/3 1069/645/3 1366/1294/3 1367/1275/3
f 44/1295/3 151/1286/3 1268/1287/3 1244/1296/3
f 54/77/5 492/1055/5 1145/1297/5 233/1298/5
f 233/1298/5 1145/1297/5 1146/1299/5 234/1300/5
f 492/1055/5 491/118/5 1147/1301/5 1145/1297/5
f 1145/1297/5 1147/1301/5 1148/1302/5 1146/1299/5
f 491/118/5 64/117/5 255/1289/5 1147/1301/5
f 1147/1301/5 255/1289/5 256/1291/5 1148/1302/5
f 1140/1303/4 300/1304/4 1248/1305/4 1402/1306/4
f 149/1149/1 150/439/1 1161/442/1 1267/1307/1
f 1069/645/3 235/455/3 1309/1128/3 1366/1294/3
f 1105/1308/1 1106/1309/1 1384/1310/1 1385/1311/1
f 472/1114/5 471/78/5 1151/1312/5 1149/1313/5
f 1149/1313/5 1151/1312/5 1152/1314/5 1150/1315/5
f 471/78/5 54/77/5 233/1298/5 1151/1312/5
f 1151/1312/5 233/1298/5 234/1300/5 1152/1314/5
f 34/1127/1 149/1149/1 1267/1307/1 1224/1316/1
f 708/1317/2 707/1318/2 1346/1319/2 1345/1320/2
f 144/437/5 672/468/5 1153/1321/5 431/1235/5
f 431/1235/5 1153/1321/5 1154/1322/5 432/1236/5
f 672/468/5 671/470/5 1155/1323/5 1153/1321/5
f 1153/1321/5 1155/1323/5 1156/1324/5 1154/1322/5
f 454/1213/1 1105/1308/1 1385/1311/1 1255/1214/1
f 1138/1325/4 1140/1303/4 1402/1306/4 1401/1326/4
f 1411/1327/5 1161/1328/5 1162/1329/5 1299/1330/5
f 1409/1331/5 1245/1332/5 1244/1333/5 1268/1334/5
f 1406/1335/5 1246/1336/5 1242/1337/5 1308/1338/5
f 1404/1339/5 1247/1340/5 1240/1341/5 1307/1342/5
f 1402/1343/5 1248/1344/5 1238/1345/5 1306/1346/5
f 1400/1347/5 1249/1348/5 1236/1349/5 1305/1350/5
f 1398/1351/5 1250/1352/5 1234/1353/5 1304/1354/5
f 1396/1355/5 1251/1356/5 1232/1357/5 1303/1358/5
f 1394/1359/5 1252/1360/5 1230/1361/5 1302/1362/5
f 1392/1363/5 1253/1364/5 1228/1365/5 1301/1366/5
f 1390/1367/5 1254/1368/5 1226/1369/5 1300/1370/5
f 1348/1371/5 1205/1372/5 1206/1373/5 1319/1374/5
f 1345/1375/5 1207/1376/5 1208/1377/5 1320/1378/5
f 1343/1379/5 1209/1380/5 1210/1381/5 1321/1382/5
f 1341/1383/5 1211/1384/5 1212/1385/5 1322/1386/5
f 1339/1387/5 1213/1388/5 1214/1389/5 1323/1390/5
f 1337/1391/5 1215/1392/5 1216/1393/5 1324/1394/5
f 1335/1395/5 1217/1396/5 1218/1397/5 1325/1398/5
f 1333/1399/5 1219/1400/5 1220/1401/5 1326/1402/5
f 1331/1403/5 1221/1404/5 1222/1405/5 1327/1406/5
f 1329/1407/5 1223/1408/5 1224/1409/5 1328/1410/5
f 1327/1406/5 1222/1405/5 1298/1411/5 1330/1412/5
f 1330/1412/5 1298/1411/5 1223/1408/5 1329/1407/5
f 1326/1402/5 1220/1401/5 1297/1413/5 1332/1414/5
f 1332/1414/5 1297/1413/5 1221/1404/5 1331/1403/5
f 1325/1398/5 1218/1397/5 1296/1415/5 1334/1416/5
f 1334/1416/5 1296/1415/5 1219/1400/5 1333/1399/5
f 1324/1394/5 1216/1393/5 1295/1417/5 1336/1418/5
f 1336/1418/5 1295/1417/5 1217/1396/5 1335/1395/5
f 1323/1390/5 1214/1389/5 1294/1419/5 1338/1420/5
f 1338/1420/5 1294/1419/5 1215/1392/5 1337/1391/5
f 1322/1386/5 1212/1385/5 1293/1421/5 1340/1422/5
f 1340/1422/5 1293/1421/5 1213/1388/5 1339/1387/5
f 1321/1382/5 1210/1381/5 1292/1423/5 1342/1424/5
f 1342/1424/5 1292/1423/5 1211/1384/5 1341/1383/5
f 1320/1378/5 1208/1377/5 1291/1425/5 1344/1426/5
f 1344/1426/5 1291/1425/5 1209/1380/5 1343/1379/5
f 1319/1374/5 1206/1373/5 1290/1427/5 1346/1428/5
f 1346/1428/5 1290/1427/5 1207/1376/5 1345/1375/5
f 1204/1429/5 1266/1430/5 1347/1431/5 1318/1432/5
f 1266/1430/5 1159/1433/5 1349/1434/5 1347/1431/5
f 1159/1433/5 1160/1435/5 1289/1436/5 1349/1434/5
f 1349/1434/5 1289/1436/5 1205/1372/5 1348/1371/5
f 1202/1437/5 1288/1438/5 1350/1439/5 1317/1440/5
f 1288/1438/5 1203/1441/5 1351/1442/5 1350/1439/5
f 1203/1441/5 1204/1429/5 1318/1432/5 1351/1442/5
f 1200/1443/5 1287/1444/5 1352/1445/5 1316/1446/5
f 1287/1444/5 1201/1447/5 1353/1448/5 1352/1445/5
f 1201/1447/5 1202/1437/5 1317/1440/5 1353/1448/5
f 1198/1449/5 1286/1450/5 1354/1451/5 1315/1452/5
f 1286/1450/5 1199/1453/5 1355/1454/5 1354/1451/5
f 1199/1453/5 1200/1443/5 1316/1446/5 1355/1454/5
f 1196/1455/5 1285/1456/5 1356/1457/5 1314/1458/5
f 1285/1456/5 1197/1459/5 1357/1460/5 1356/1457/5
f 1197/1459/5 1198/1449/5 1315/1452/5 1357/1460/5
f 1194/1461/5 1284/1462/5 1358/1463/5 1313/1464/5
f 1284/1462/5 1195/1465/5 1359/1466/5 1358/1463/5
f 1195/1465/5 1196/1455/5 1314/1458/5 1359/1466/5
f 1192/1467/5 1283/1468/5 1360/1469/5 1312/1470/5
f 1283/1468/5 1193/1471/5 1361/1472/5 1360/1469/5
f 1193/1471/5 1194/1461/5 1313/1464/5 1361/1472/5
f 1190/1473/5 1282/1474/5 1362/1475/5 1311/1476/5
f 1282/1474/5 1191/1477/5 1363/1478/5 1362/1475/5
f 1191/1477/5 1192/1467/5 1312/1470/5 1363/1478/5
f 1188/1479/5 1281/1480/5 1364/1481/5 1310/1482/5
f 1281/1480/5 1189/1483/5 1365/1484/5 1364/1481/5
f 1189/1483/5 1190/1473/5 1311/1476/5 1365/1484/5
f 1186/1485/5 1280/1486/5 1366/1487/5 1309/1488/5
f 1280/1486/5 1187/1489/5 1367/1490/5 1366/1487/5
f 1187/1489/5 1188/1479/5 1310/1482/5 1367/1490/5
f 1270/1491/5 1368/1492/5 1264/1493/5 1166/1494/5
f 1168/1495/5 1263/1496/5 1369/1497/5 1167/1498/5
f 1167/1498/5 1369/1497/5 1368/1492/5 1270/1491/5
f 1271/1499/5 1370/1500/5 1263/1496/5 1168/1495/5
f 1170/1501/5 1262/1502/5 1371/1503/5 1169/1504/5
f 1169/1504/5 1371/1503/5 1370/1500/5 1271/1499/5
f 1272/1505/5 1372/1506/5 1262/1502/5 1170/1501/5
f 1172/1507/5 1261/1508/5 1373/1509/5 1171/1510/5
f 1171/1510/5 1373/1509/5 1372/1506/5 1272/1505/5
f 1273/1511/5 1374/1512/5 1261/1508/5 1172/1507/5
f 1174/1513/5 1260/1514/5 1375/1515/5 1173/1516/5
f 1173/1516/5 1375/1515/5 1374/1512/5 1273/1511/5
f 1274/1517/5 1376/1518/5 1260/1514/5 1174/1513/5
f 1176/1519/5 1259/1520/5 1377/1521/5 1175/1522/5
f 1175/1522/5 1377/1521/5 1376/1518/5 1274/1517/5
f 1275/1523/5 1378/1524/5 1259/1520/5 1176/1519/5
f 1178/1525/5 1258/1526/5 1379/1527/5 1177/1528/5
f 1177/1528/5 1379/1527/5 1378/1524/5 1275/1523/5
f 1276/1529/5 1380/1530/5 1258/1526/5 1178/1525/5
f 1180/1531/5 1257/1532/5 1381/1533/5 1179/1534/5
f 1179/1534/5 1381/1533/5 1380/1530/5 1276/1529/5
f 1277/1535/5 1382/1536/5 1257/1532/5 1180/1531/5
f 1182/1537/5 1256/1538/5 1383/1539/5 1181/1540/5
f 1181/1540/5 1383/1539/5 1382/1536/5 1277/1535/5
f 1278/1541/5 1384/1542/5 1256/1538/5 1182/1537/5
f 1184/1543/5 1255/1544/5 1385/1545/5 1183/1546/5
f 1183/1546/5 1385/1545/5 1384/1542/5 1278/1541/5
f 1265/1547/5 1386/1548/5 1255/1544/5 1184/1543/5
f 1158/1549/5 1279/1550/5 1387/1551/5 1157/1552/5
f 1157/1552/5 1387/1551/5 1386/1548/5 1265/1547/5
f 1279/1550/5 1185/1553/5 1388/1554/5 1387/1551/5
f 1185/1553/5 1186/1485/5 1309/1488/5 1388/1554/5
f 1253/1364/5 1389/1555/5 1227/1556/5 1228/1365/5
f 1389/1555/5 1390/1367/5 1300/1370/5 1227/1556/5
f 1252/1360/5 1391/1557/5 1229/1558/5 1230/1361/5
f 1391/1557/5 1392/1363/5 1301/1366/5 1229/1558/5
f 1251/1356/5 1393/1559/5 1231/1560/5 1232/1357/5
f 1393/1559/5 1394/1359/5 1302/1362/5 1231/1560/5
f 1250/1352/5 1395/1561/5 1233/1562/5 1234/1353/5
f 1395/1561/5 1396/1355/5 1303/1358/5 1233/1562/5
f 1249/1348/5 1397/1563/5 1235/1564/5 1236/1349/5
f 1397/1563/5 1398/1351/5 1304/1354/5 1235/1564/5
f 1248/1344/5 1399/1565/5 1237/1566/5 1238/1345/5
f 1399/1565/5 1400/1347/5 1305/1350/5 1237/1566/5
f 1247/1340/5 1401/1567/5 1239/1568/5 1240/1341/5
f 1401/1567/5 1402/1343/5 1306/1346/5 1239/1568/5
f 1246/1336/5 1403/1569/5 1241/1570/5 1242/1337/5
f 1403/1569/5 1404/1339/5 1307/1342/5 1241/1570/5
f 1245/1332/5 1405/1571/5 1243/1572/5 1244/1333/5
f 1405/1571/5 1406/1335/5 1308/1338/5 1243/1572/5
f 1269/1573/5 1407/1574/5 1163/1575/5 1164/1576/5
f 1407/1574/5 1409/1331/5 1268/1334/5 1163/1575/5
f 1166/1494/5 1264/1493/5 1408/1577/5 1165/1578/5
f 1165/1578/5 1408/1577/5 1407/1574/5 1269/1573/5
f 1254/1368/5 1410/1579/5 1225/1580/5 1226/1369/5
f 1410/1579/5 1411/1327/5 1299/1330/5 1225/1580/5
f 1328/1410/5 1224/1409/5 1267/1581/5 1412/1582/5
f 1412/1582/5 1267/1581/5 1161/1328/5 1411/1327/5
f 160/1207/2 8/1195/2 1172/1196/2 1171/1208/2
f 28/1583/1 201/1584/1 1293/1585/1 1212/1586/1
f 162/1184/2 9/1177/2 1174/1178/2 1173/1185/2
f 201/1584/1 202/1587/1 1213/1588/1 1293/1585/1
f 366/1589/4 1122/1590/4 1393/1591/4 1251/1592/4
f 164/1169/2 10/1165/2 1176/1166/2 1175/1170/2
f 663/515/2 692/1593/2 1337/1594/2 1324/516/2
f 29/1595/1 203/1596/1 1294/1168/1 1214/1177/1
f 1090/1597/1 464/489/1 1260/490/1 1376/1598/1
f 166/1159/2 11/1153/2 1178/1154/2 1177/1160/2
f 203/1596/1 204/1246/1 1215/1169/1 1294/1168/1
f 691/1599/2 661/1600/2 1323/1601/2 1338/1602/2
f 1122/1590/4 1124/1603/4 1394/1604/4 1393/1591/4
f 462/1605/1 1089/1606/1 1377/1607/1 1259/1608/1
f 168/1140/2 12/1129/2 1180/1130/2 1179/1141/2
f 30/1245/1 205/1267/1 1295/1158/1 1216/1165/1
f 692/1593/2 691/1599/2 1338/1602/2 1337/1594/2
f 1089/1606/1 1090/1597/1 1376/1598/1 1377/1607/1
f 170/1116/2 13/1111/2 1182/1112/2 1181/1117/2
f 205/1267/1 206/1285/1 1217/1159/1 1295/1158/1
f 1124/1603/4 388/539/4 1252/540/4 1394/1604/4
f 172/1108/2 14/1316/2 1184/1609/2 1183/1109/2
f 31/1610/1 207/1611/1 1296/1139/1 1218/1153/1
f 174/1051/4 15/1043/4 1186/1044/4 1185/1052/4
f 207/1611/1 208/1612/1 1219/1140/1 1296/1139/1
f 176/993/4 16/985/4 1188/986/4 1187/994/4
f 32/1613/1 209/1614/1 1297/1115/1 1220/1129/1
f 829/1306/3 367/1305/3 1315/1615/3 1354/1616/3
f 178/928/4 17/873/4 1190/874/4 1189/929/4
f 209/1614/1 210/1276/1 1221/1116/1 1297/1115/1
f 180/769/4 18/709/4 1192/710/4 1191/770/4
f 33/1275/1 211/1294/1 1298/1107/1 1222/1111/1
f 831/1326/3 829/1306/3 1354/1616/3 1355/1617/3
f 182/649/4 19/595/4 1194/596/4 1193/650/4
f 211/1294/1 212/1128/1 1223/1108/1 1298/1107/1
f 184/592/4 20/584/4 1196/585/4 1195/593/4
f 4/1618/3 213/1619/3 1299/1620/3 1162/1621/3
f 389/465/3 831/1326/3 1355/1617/3 1316/466/3
f 186/579/4 21/565/4 1198/566/4 1197/580/4
f 213/1619/3 214/1622/3 1225/1623/3 1299/1620/3
f 344/1624/4 1126/1625/4 1395/1626/4 1250/1627/4
f 188/562/4 22/552/4 1200/553/4 1199/563/4
f 661/1600/2 696/1628/2 1339/1629/2 1323/1601/2
f 35/1630/3 215/1631/3 1300/1632/3 1226/1633/3
f 1094/1634/1 462/1605/1 1259/1608/1 1378/1635/1
f 190/549/4 23/528/4 1202/529/4 1201/550/4
f 695/1636/2 659/1637/2 1322/1638/2 1340/1639/2
f 215/1631/3 216/1640/3 1227/1641/3 1300/1632/3
f 1126/1625/4 1128/1642/4 1396/1643/4 1395/1626/4
f 460/1644/1 1093/1645/1 1379/1646/1 1258/1647/1
f 192/505/4 24/1648/4 1204/1649/4 1203/506/4
f 696/1628/2 695/1636/2 1340/1639/2 1339/1629/2
f 36/1650/3 217/1651/3 1301/1652/3 1228/1653/3
f 1093/1645/1 1094/1634/1 1378/1635/1 1379/1646/1
f 194/457/1 25/445/1 1206/20/1 1205/19/1
f 217/1651/3 218/1654/3 1229/1655/3 1301/1652/3
f 1128/1642/4 366/1589/4 1251/1592/4 1396/1643/4
f 196/37/1 26/27/1 1208/12/1 1207/11/1
f 37/1656/3 219/1657/3 1302/1658/3 1230/1659/3
f 198/16/1 27/9/1 1210/10/1 1209/17/1
f 219/1657/3 220/1660/3 1231/1661/3 1302/1658/3
f 200/2/1 28/1583/1 1212/1586/1 1211/3/1
f 38/1662/3 221/1663/3 1303/1664/3 1232/1665/3
f 202/1587/1 29/1595/1 1214/1177/1 1213/1588/1
f 221/1663/3 222/1666/3 1233/1667/3 1303/1664/3
f 989/1604/3 279/540/3 1311/1612/3 1362/1611/3
f 204/1246/1 30/1245/1 1216/1165/1 1215/1169/1
f 39/1668/3 223/1669/3 1304/1670/3 1234/1671/3
f 206/1285/1 31/1610/1 1218/1153/1 1217/1159/1
f 223/1669/3 224/1672/3 1235/1673/3 1304/1670/3
f 991/1674/3 989/1604/3 1362/1611/3 1363/1610/3
f 208/1612/1 32/1613/1 1220/1129/1 1219/1140/1
f 869/1675/3 345/1676/3 1314/1677/3 1356/1678/3
f 40/1679/3 225/1680/3 1305/1681/3 1236/1682/3
f 210/1276/1 33/1275/1 1222/1111/1 1221/1116/1
f 225/1680/3 226/1683/3 1237/1684/3 1305/1681/3
f 301/1284/3 991/1674/3 1363/1610/3 1312/1285/3
f 322/1685/4 1130/1686/4 1397/1687/4 1249/1676/4
f 212/1128/1 34/1127/1 1224/1316/1 1223/1108/1
f 871/1688/3 869/1675/3 1356/1678/3 1357/1689/3
f 659/1637/2 700/1690/2 1341/1691/2 1322/1638/2
f 41/1692/3 227/1693/3 1306/1694/3 1238/1695/3
f 1098/1696/1 460/1644/1 1258/1647/1 1380/1697/1
f 214/1622/3 35/1630/3 1226/1633/3 1225/1623/3
f 699/1698/2 657/1699/2 1321/1700/2 1342/1701/2
f 227/1693/3 228/1702/3 1239/1703/3 1306/1694/3
f 1130/1686/4 1132/1704/4 1398/1705/4 1397/1687/4
f 458/1706/1 1097/1707/1 1381/1708/1 1257/1709/1
f 216/1640/3 36/1650/3 1228/1653/3 1227/1641/3
f 367/1305/3 871/1688/3 1357/1689/3 1315/1615/3
f 700/1690/2 699/1698/2 1342/1701/2 1341/1691/2
f 42/1710/3 229/1711/3 1307/1712/3 1240/1713/3
f 1097/1707/1 1098/1696/1 1380/1697/1 1381/1708/1
f 218/1654/3 37/1656/3 1230/1659/3 1229/1655/3
f 229/1711/3 230/1714/3 1241/1715/3 1307/1712/3
f 1132/1704/4 344/1624/4 1250/1627/4 1398/1705/4
f 220/1660/3 38/1662/3 1232/1665/3 1231/1661/3
f 43/1716/3 231/1717/3 1308/1718/3 1242/1719/3
f 222/1666/3 39/1668/3 1234/1671/3 1233/1667/3
f 231/1717/3 232/1720/3 1243/1721/3 1308/1718/3
f 224/1672/3 40/1679/3 1236/1682/3 1235/1673/3
f 226/1683/3 41/1692/3 1238/1695/3 1237/1684/3
f 228/1702/3 42/1710/3 1240/1713/3 1239/1703/3
f 230/1714/3 43/1716/3 1242/1719/3 1241/1715/3
f 232/1720/3 44/1295/3 1244/1296/3 1243/1721/3
f 1029/453/3 257/452/3 1310/1276/3 1364/1614/3
f 300/1304/4 1134/1722/4 1399/1688/4 1248/1305/4
f 657/1699/2 704/1723/2 1343/1724/2 1321/1700/2
f 1102/1725/1 458/1706/1 1257/1709/1 1382/1726/1
f 1031/492/3 1029/453/3 1364/1614/3 1365/1613/3
f 703/1727/2 655/1728/2 1320/1729/2 1344/1730/2
f 1134/1722/4 1136/1731/4 1400/1675/4 1399/1688/4
f 456/1732/1 1101/1733/1 1383/1734/1 1256/1735/1
f 909/1736/3 323/1243/3 1313/1246/3 1358/1596/3
f 704/1723/2 703/1727/2 1344/1730/2 1343/1724/2
f 1101/1733/1 1102/1725/1 1382/1726/1 1383/1734/1
f 279/540/3 1031/492/3 1365/1613/3 1311/1612/3
f 1136/1731/4 322/1685/4 1249/1676/4 1400/1675/4
f 911/1737/3 909/1736/3 1358/1596/3 1359/1738/3
f 345/1676/3 911/1737/3 1359/1738/3 1314/1677/3
f 14/1316/2 145/1307/2 1265/1739/2 1184/1609/2
f 145/1307/2 146/442/2 1157/460/2 1265/1739/2
f 278/1181/4 1138/1325/4 1401/1326/4 1247/1182/4
f 655/1728/2 708/1317/2 1345/1320/2 1320/1729/2
f 24/1648/4 147/1740/4 1266/1741/4 1204/1649/4
f 1106/1309/1 456/1732/1 1256/1735/1 1384/1310/1
f 707/1318/2 653/1216/2 1319/1217/2 1346/1319/2
f 147/1740/4 148/446/4 1159/449/4 1266/1741/4
f 1436/1742/2 1414/1743/2 1416/1744/2 1437/1745/2
f 1437/1746/6 1416/1747/6 1420/1748/6 1453/1749/6
f 1453/1750/1 1420/1751/1 1418/1752/1 1469/1753/1
f 1469/1754/7 1418/1755/7 1414/1756/7 1436/1757/7
f 1415/1758/8 1419/1759/8 1417/1760/8 1413/1761/8
f 1420/1748/9 1416/1747/9 1414/1756/9 1418/1755/9
f 1417/1762/10 1484/1763/10 1421/1764/10 1413/1765/10
f 1484/1763/11 1483/1766/11 1422/1767/11 1421/1764/11
f 1483/1766/12 1482/1768/12 1423/1769/12 1422/1767/12
f 1482/1768/13 1481/1770/13 1424/1771/13 1423/1769/13
f 1481/1770/14 1480/1772/14 1425/1773/14 1424/1771/14
f 1480/1772/15 1479/1774/15 1426/1775/15 1425/1773/15
f 1479/1774/16 1478/1776/16 1427/1777/16 1426/1775/16
f 1478/1776/17 1477/1778/17 1428/1779/17 1427/1777/17
f 1477/1778/18 1476/1780/18 1429/1781/18 1428/1779/18
f 1476/1780/19 1475/1782/19 1430/1783/19 1429/1781/19
f 1475/1782/20 1474/1784/20 1431/1785/20 1430/1783/20
f 1474/1784/21 1473/1786/21 1432/1787/21 1431/1785/21
f 1473/1786/22 1472/1788/22 1433/1789/22 1432/1787/22
f 1472/1788/23 1471/1790/23 1434/1791/23 1433/1789/23
f 1471/1790/24 1470/1792/24 1435/1793/24 1434/1791/24
f 1470/1792/25 1469/1754/25 1436/1757/25 1435/1793/25
f 1419/1794/1 1468/1795/1 1484/1796/1 1417/1797/1
f 1468/1795/1 1467/1798/1 1483/1799/1 1484/1796/1
f 1467/1798/1 1466/1800/1 1482/1801/1 1483/1799/1
f 1466/1800/1 1465/1802/1 1481/1803/1 1482/1801/1
f 1465/1802/1 1464/1804/1 1480/1805/1 1481/1803/1
f 1464/1804/1 1463/1806/1 1479/1807/1 1480/1805/1
f 1463/1806/1 1462/1808/1 1478/1809/1 1479/1807/1
f 1462/1808/1 1461/1810/1 1477/1811/1 1478/1809/1
f 1461/1810/1 1460/1812/1 1476/1813/1 1477/1811/1
f 1460/1812/1 1459/1814/1 1475/1815/1 1476/1813/1
f 1459/1814/1 1458/1816/1 1474/1817/1 1475/1815/1
f 1458/1816/1 1457/1818/1 1473/1819/1 1474/1817/1
f 1457/1818/1 1456/1820/1 1472/1821/1 1473/1819/1
f 1456/1820/1 1455/1822/1 1471/1823/1 1472/1821/1
f 1455/1822/1 1454/1824/1 1470/1825/1 1471/1823/1
f 1454/1824/1 1453/1750/1 1469/1753/1 1470/1825/1
f 1415/1826/26 1452/1827/26 1468/1828/26 1419/1829/26
f 1452/1827/27 1451/1830/27 1467/1831/27 1468/1828/27
f 1451/1830/28 1450/1832/28 1466/1833/28 1467/1831/28
f 1450/1832/29 1449/1834/29 1465/1835/29 1466/1833/29
f 1449/1834/30 1448/1836/30 1464/1837/30 1465/1835/30
f 1448/1836/31 1447/1838/31 1463/1839/31 1464/1837/31
f 1447/1838/32 1446/1840/32 1462/1841/32 1463/1839/32
f 1446/1840/33 1445/1842/33 1461/1843/33 1462/1841/33
f 1445/1842/34 1444/1844/34 1460/1845/34 1461/1843/34
f 1444/1844/35 1443/1846/35 1459/1847/35 1460/1845/35
f 1443/1846/36 1442/1848/36 1458/1849/36 1459/1847/36
f 1442/1848/37 1441/1850/37 1457/1851/37 1458/1849/37
f 1441/1850/38 1440/1852/38 1456/1853/38 1457/1851/38
f 1440/1852/39 1439/1854/39 1455/1855/39 1456/1853/39
f 1439/1854/40 1438/1856/40 1454/1857/40 1455/1855/40
f 1438/1856/41 1437/1746/41 1453/1749/41 1454/1857/41
f 1413/1858/2 1421/1859/2 1452/1860/2 1415/1861/2
f 1421/1859/2 1422/1862/2 1451/1863/2 1452/1860/2
f 1422/1862/2 1423/1864/2 1450/1865/2 1451/1863/2
f 1423/1864/2 1424/1866/2 1449/1867/2 1450/1865/2
f 1424/1866/2 1425/1868/2 1448/1869/2 1449/1867/2
f 1425/1868/2 1426/1870/2 1447/1871/2 1448/1869/2
f 1426/1870/2 1427/1872/2 1446/1873/2 1447/1871/2
f 1427/1872/2 1428/1874/2 1445/1875/2 1446/1873/2
f 1428/1874/2 1429/1876/2 1444/1877/2 1445/1875/2
f 1429/1876/2 1430/1878/2 1443/1879/2 1444/1877/2
f 1430/1878/2 1431/1880/2 1442/1881/2 1443/1879/2
f 1431/1880/2 1432/1882/2 1441/1883/2 1442/1881/2
f 1432/1882/2 1433/1884/2 1440/1885/2 1441/1883/2
f 1433/1884/2 1434/1886/2 1439/1887/2 1440/1885/2
f 1434/1886/2 1435/1888/2 1438/1889/2 1439/1887/2
f 1435/1888/2 1436/1742/2 1437/1745/2 1438/1889/2
f 1508/1890/4 1486/1891/4 1488/1892/4 1509/1893/4
f 1509/1894/42 1488/1895/42 1492/1896/42 1525/1897/42
f 1525/1898/3 1492/1899/3 1490/1900/3 1541/1901/3
f 1541/1902/43 1490/1903/43 1486/1904/43 1508/1905/43
f 1487/1906/44 1491/1907/44 1489/1908/44 1485/1909/44
f 1492/1896/45 1488/1895/45 1486/1904/45 1490/1903/45
f 1489/1910/46 1556/1911/46 1493/1912/46 1485/1913/46
f 1556/1911/47 1555/1914/47 1494/1915/47 1493/1912/47
f 1555/1914/48 1554/1916/48 1495/1917/48 1494/1915/48
f 1554/1916/49 1553/1918/49 1496/1919/49 1495/1917/49
f 1553/1918/50 1552/1920/50 1497/1921/50 1496/1919/50
f 1552/1920/51 1551/1922/51 1498/1923/51 1497/1921/51
f 1551/1922/52 1550/1924/52 1499/1925/52 1498/1923/52
f 1550/1924/53 1549/1926/53 1500/1927/53 1499/1925/53
f 1549/1926/54 1548/1928/54 1501/1929/54 1500/1927/54
f 1548/1928/55 1547/1930/55 1502/1931/55 1501/1929/55
f 1547/1930/56 1546/1932/56 1503/1933/56 1502/1931/56
f 1546/1932/57 1545/1934/57 1504/1935/57 1503/1933/57
f 1545/1934/58 1544/1936/58 1505/1937/58 1504/1935/58
f 1544/1936/59 1543/1938/59 1506/1939/59 1505/1937/59
f 1543/1938/60 1542/1940/60 1507/1941/60 1506/1939/60
f 1542/1940/61 1541/1902/61 1508/1905/61 1507/1941/61
f 1491/1942/3 1540/1943/3 1556/1944/3 1489/1945/3
f 1540/1943/3 1539/1946/3 1555/1947/3 1556/1944/3
f 1539/1946/3 1538/1948/3 1554/1949/3 1555/1947/3
f 1538/1948/3 1537/1950/3 1553/1951/3 1554/1949/3
f 1537/1950/3 1536/1952/3 1552/1953/3 1553/1951/3
f 1536/1952/3 1535/1954/3 1551/1955/3 1552/1953/3
f 1535/1954/3 1534/1956/3 1550/1957/3 1551/1955/3
f 1534/1956/3 1533/1958/3 1549/1959/3 1550/1957/3
f 1533/1958/3 1532/1960/3 1548/1961/3 1549/1959/3
f 1532/1960/3 1531/1962/3 1547/1963/3 1548/1961/3
f 1531/1962/3 1530/1964/3 1546/1965/3 1547/1963/3
f 1530/1964/3 1529/1966/3 1545/1967/3 1546/1965/3
f 1529/1966/3 1528/1968/3 1544/1969/3 1545/1967/3
f 1528/1968/3 1527/1970/3 1543/1971/3 1544/1969/3
f 1527/1970/3 1526/1972/3 1542/1973/3 1543/1971/3
f 1526/1972/3 1525/1898/3 1541/1901/3 1542/1973/3
f 1487/1974/62 1524/1975/62 1540/1976/62 1491/1977/62
f 1524/1975/63 1523/1978/63 1539/1979/63 1540/1976/63
f 1523/1978/64 1522/1980/64 1538/1981/64 1539/1979/64
f 1522/1980/65 1521/1982/65 1537/1983/65 1538/1981/65
f 1521/1982/66 1520/1984/66 1536/1985/66 1537/1983/66
f 1520/1984/67 1519/1986/67 1535/1987/67 1536/1985/67
f 1519/1986/68 1518/1988/68 1534/1989/68 1535/1987/68
f 1518/1988/69 1517/1990/69 1533/1991/69 1534/1989/69
f 1517/1990/70 1516/1992/70 1532/1993/70 1533/1991/70
f 1516/1992/71 1515/1994/71 1531/1995/71 1532/1993/71
f 1515/1994/72 1514/1996/72 1530/1997/72 1531/1995/72
f 1514/1996/73 1513/1998/73 1529/1999/73 1530/1997/73
f 1513/1998/74 1512/2000/74 1528/2001/74 1529/1999/74
f 1512/2000/75 1511/2002/75 1527/2003/75 1528/2001/75
f 1511/2002/76 1510/2004/76 1526/2005/76 1527/2003/76
f 1510/2004/77 1509/1894/77 1525/1897/77 1526/2005/77
f 1485/2006/4 1493/2007/4 1524/2008/4 1487/2009/4
f 1493/2007/4 1494/2010/4 1523/2011/4 1524/2008/4
f 1494/2010/4 1495/2012/4 1522/2013/4 1523/2011/4
f 1495/2012/4 1496/2014/4 1521/2015/4 1522/2013/4
f 1496/2014/4 1497/2016/4 1520/2017/4 1521/2015/4
f 1497/2016/4 1498/2018/4 1519/2019/4 1520/2017/4
f 1498/2018/4 1499/2020/4 1518/2021/4 1519/2019/4
f 1499/2020/4 1500/2022/4 1517/2023/4 1518/2021/4
f 1500/2022/4 1501/2024/4 1516/2025/4 1517/2023/4
f 1501/2024/4 1502/2026/4 1515/2027/4 1516/2025/4
f 1502/2026/4 1503/2028/4 1514/2029/4 1515/2027/4
f 1503/2028/4 1504/2030/4 1513/2031/4 1514/2029/4
f 1504/2030/4 1505/2032/4 1512/2033/4 1513/2031/4
f 1505/2032/4 1506/2034/4 1511/2035/4 1512/2033/4
f 1506/2034/4 1507/2036/4 1510/2037/4 1511/2035/4
f 1507/2036/4 1508/1890/4 1509/1893/4 1510/2037/4
f 1580/2038/4 1558/2039/4 1560/2040/4 1581/2041/4
f 1581/2042/78 1560/2043/78 1564/2044/78 1597/2045/78
f 1597/2046/3 1564/2047/3 1562/2048/3 1613/2049/3
f 1613/2050/79 1562/2051/79 1558/2052/79 1580/2053/79
f 1559/2054/80 1563/2055/80 1561/2056/80 1557/2057/80
f 1564/2058/81 1560/2059/81 1558/2060/81 1562/2061/81
f 1561/2062/82 1628/2063/82 1565/2064/82 1557/2065/82
f 1628/2063/83 1627/2066/83 1566/2067/83 1565/2064/83
f 1627/2066/84 1626/2068/84 1567/2069/84 1566/2067/84
f 1626/2068/85 1625/2070/85 1568/2071/85 1567/2069/85
f 1625/2070/86 1624/2072/86 1569/2073/86 1568/2071/86
f 1624/2072/87 1623/2074/87 1570/2075/87 1569/2073/87
f 1623/2074/88 1622/2076/88 1571/2077/88 1570/2075/88
f 1622/2076/89 1621/2078/89 1572/2079/89 1571/2077/89
f 1621/2078/90 1620/2080/90 1573/2081/90 1572/2079/90
f 1620/2080/91 1619/2082/91 1574/2083/91 1573/2081/91
f 1619/2082/92 1618/2084/92 1575/2085/92 1574/2083/92
f 1618/2084/93 1617/2086/93 1576/2087/93 1575/2085/93
f 1617/2086/94 1616/2088/94 1577/2089/94 1576/2087/94
f 1616/2088/95 1615/2090/95 1578/2091/95 1577/2089/95
f 1615/2090/96 1614/2092/96 1579/2093/96 1578/2091/96
f 1614/2092/97 1613/2050/97 1580/2053/97 1579/2093/97
f 1563/2094/3 1612/2095/3 1628/2096/3 1561/1906/3
f 1612/2095/3 1611/2097/3 1627/2098/3 1628/2096/3
f 1611/2097/3 1610/2099/3 1626/2100/3 1627/2098/3
f 1610/2099/3 1609/2101/3 1625/2102/3 1626/2100/3
f 1609/2101/3 1608/2103/3 1624/2104/3 1625/2102/3
f 1608/2103/3 1607/2105/3 1623/2106/3 1624/2104/3
f 1607/2105/3 1606/2107/3 1622/2108/3 1623/2106/3
f 1606/2107/3 1605/2109/3 1621/2110/3 1622/2108/3
f 1605/2109/3 1604/2111/3 1620/2112/3 1621/2110/3
f 1604/2111/3 1603/2113/3 1619/2114/3 1620/2112/3
f 1603/2113/3 1602/2115/3 1618/2116/3 1619/2114/3
f 1602/2115/3 1601/2117/3 1617/2118/3 1618/2116/3
f 1601/2117/3 1600/2119/3 1616/2120/3 1617/2118/3
f 1600/2119/3 1599/2121/3 1615/2122/3 1616/2120/3
f 1599/2121/3 1598/2123/3 1614/2124/3 1615/2122/3
f 1598/2123/3 1597/2046/3 1613/2049/3 1614/2124/3
f 1559/2125/98 1596/2126/98 1612/2127/98 1563/2128/98
f 1596/2126/99 1595/2129/99 1611/2130/99 1612/2127/99
f 1595/2129/100 1594/2131/100 1610/2132/100 1611/2130/100
f 1594/2131/101 1593/2133/101 1609/2134/101 1610/2132/101
f 1593/2133/102 1592/2135/102 1608/2136/102 1609/2134/102
f 1592/2135/103 1591/2137/103 1607/2138/103 1608/2136/103
f 1591/2137/104 1590/2139/104 1606/2140/104 1607/2138/104
f 1590/2139/105 1589/2141/105 1605/2142/105 1606/2140/105
f 1589/2141/106 1588/2143/106 1604/2144/106 1605/2142/106
f 1588/2143/107 1587/2145/107 1603/2146/107 1604/2144/107
f 1587/2145/108 1586/2147/108 1602/2148/108 1603/2146/108
f 1586/2147/109 1585/2149/109 1601/2150/109 1602/2148/109
f 1585/2149/110 1584/2151/110 1600/2152/110 1601/2150/110
f 1584/2151/111 1583/2153/111 1599/2154/111 1600/2152/111
f 1583/2153/112 1582/2155/112 1598/2156/112 1599/2154/112
f 1582/2155/113 1581/2042/113 1597/2045/113 1598/2156/113
f 1557/2157/4 1565/2158/4 1596/2159/4 1559/2160/4
f 1565/2158/4 1566/2161/4 1595/2162/4 1596/2159/4
f 1566/2161/4 1567/2163/4 1594/2164/4 1595/2162/4
f 1567/2163/4 1568/2165/4 1593/2166/4 1594/2164/4
f 1568/2165/4 1569/2167/4 1592/2168/4 1593/2166/4
f 1569/2167/4 1570/2169/4 1591/2170/4 1592/2168/4
f 1570/2169/4 1571/2171/4 1590/2172/4 1591/2170/4
f 1571/2171/4 1572/2173/4 1589/2174/4 1590/2172/4
f 1572/2173/4 1573/2175/4 1588/2176/4 1589/2174/4
f 1573/2175/4 1574/2177/4 1587/2178/4 1588/2176/4
f 1574/2177/4 1575/2179/4 1586/2180/4 1587/2178/4
f 1575/2179/4 1576/2181/4 1585/2182/4 1586/2180/4
f 1576/2181/4 1577/2183/4 1584/2184/4 1585/2182/4
f 1577/2183/4 1578/2185/4 1583/2186/4 1584/2184/4
f 1578/2185/4 1579/2187/4 1582/2188/4 1583/2186/4
f 1579/2187/4 1580/2038/4 1581/2041/4 1582/2188/4
